# Sequel Pro dump
# Version 2492
# http://code.google.com/p/sequel-pro
#
# Host: mysql.travisberry.com (MySQL 5.1.39-log)
# Database: homkora
# Generation Time: 2010-12-31 17:44:42 -0700
# ************************************************************

/*!40101 SET @OLD_CHARACTER_SET_CLIENT=@@CHARACTER_SET_CLIENT */;
/*!40101 SET @OLD_CHARACTER_SET_RESULTS=@@CHARACTER_SET_RESULTS */;
/*!40101 SET @OLD_COLLATION_CONNECTION=@@COLLATION_CONNECTION */;
/*!40101 SET NAMES utf8 */;
/*!40014 SET @OLD_UNIQUE_CHECKS=@@UNIQUE_CHECKS, UNIQUE_CHECKS=0 */;
/*!40014 SET @OLD_FOREIGN_KEY_CHECKS=@@FOREIGN_KEY_CHECKS, FOREIGN_KEY_CHECKS=0 */;
/*!40101 SET @OLD_SQL_MODE=@@SQL_MODE, SQL_MODE='NO_AUTO_VALUE_ON_ZERO' */;
/*!40111 SET @OLD_SQL_NOTES=@@SQL_NOTES, SQL_NOTES=0 */;


# Dump of table acos
# ------------------------------------------------------------

DROP TABLE IF EXISTS `acos`;

CREATE TABLE `acos` (
  `id` int(10) NOT NULL AUTO_INCREMENT,
  `parent_id` int(10) DEFAULT NULL,
  `model` varchar(255) DEFAULT NULL,
  `foreign_key` int(10) DEFAULT NULL,
  `alias` varchar(255) DEFAULT NULL,
  `lft` int(10) DEFAULT NULL,
  `rght` int(10) DEFAULT NULL,
  PRIMARY KEY (`id`)
) ENGINE=InnoDB AUTO_INCREMENT=114 DEFAULT CHARSET=utf8;

LOCK TABLES `acos` WRITE;
/*!40000 ALTER TABLE `acos` DISABLE KEYS */;
INSERT INTO `acos` (`id`,`parent_id`,`model`,`foreign_key`,`alias`,`lft`,`rght`)
VALUES
	(1,NULL,NULL,NULL,'controllers',1,226),
	(2,1,NULL,NULL,'Pages',2,17),
	(3,2,NULL,NULL,'display',3,4),
	(4,2,NULL,NULL,'entityName',5,6),
	(5,2,NULL,NULL,'add',7,8),
	(6,2,NULL,NULL,'edit',9,10),
	(7,2,NULL,NULL,'index',11,12),
	(8,2,NULL,NULL,'view',13,14),
	(9,2,NULL,NULL,'delete',15,16),
	(10,1,NULL,NULL,'Users',18,41),
	(11,10,NULL,NULL,'login',19,20),
	(12,10,NULL,NULL,'logout',21,22),
	(13,10,NULL,NULL,'index',23,24),
	(14,10,NULL,NULL,'view',25,26),
	(15,10,NULL,NULL,'add',27,28),
	(16,10,NULL,NULL,'publicAdd',29,30),
	(17,10,NULL,NULL,'edit',31,32),
	(18,10,NULL,NULL,'delete',33,34),
	(19,10,NULL,NULL,'activate',35,36),
	(20,10,NULL,NULL,'initDB',37,38),
	(21,10,NULL,NULL,'entityName',39,40),
	(22,1,NULL,NULL,'Widgets',42,55),
	(23,22,NULL,NULL,'index',43,44),
	(24,22,NULL,NULL,'view',45,46),
	(25,22,NULL,NULL,'add',47,48),
	(26,22,NULL,NULL,'edit',49,50),
	(27,22,NULL,NULL,'delete',51,52),
	(28,22,NULL,NULL,'entityName',53,54),
	(29,1,NULL,NULL,'Projects',56,75),
	(30,29,NULL,NULL,'index',57,58),
	(31,29,NULL,NULL,'view',59,60),
	(32,29,NULL,NULL,'add',61,62),
	(33,29,NULL,NULL,'edit',63,64),
	(34,29,NULL,NULL,'delete',65,66),
	(35,29,NULL,NULL,'addTime',67,68),
	(36,29,NULL,NULL,'exportcsvProjects',69,70),
	(37,29,NULL,NULL,'exportcsvTimers',71,72),
	(38,29,NULL,NULL,'entityName',73,74),
	(39,1,NULL,NULL,'Timers',76,89),
	(40,39,NULL,NULL,'index',77,78),
	(41,39,NULL,NULL,'view',79,80),
	(42,39,NULL,NULL,'add',81,82),
	(43,39,NULL,NULL,'edit',83,84),
	(44,39,NULL,NULL,'delete',85,86),
	(45,39,NULL,NULL,'entityName',87,88),
	(46,1,NULL,NULL,'Groups',90,103),
	(47,46,NULL,NULL,'index',91,92),
	(48,46,NULL,NULL,'view',93,94),
	(49,46,NULL,NULL,'add',95,96),
	(50,46,NULL,NULL,'edit',97,98),
	(51,46,NULL,NULL,'delete',99,100),
	(52,46,NULL,NULL,'entityName',101,102),
	(53,1,NULL,NULL,'Posts',104,117),
	(54,53,NULL,NULL,'index',105,106),
	(55,53,NULL,NULL,'view',107,108),
	(56,53,NULL,NULL,'add',109,110),
	(57,53,NULL,NULL,'edit',111,112),
	(58,53,NULL,NULL,'delete',113,114),
	(59,53,NULL,NULL,'entityName',115,116),
	(60,1,NULL,NULL,'Acl',118,225),
	(61,60,NULL,NULL,'AclAros',119,144),
	(62,61,NULL,NULL,'load',120,121),
	(63,61,NULL,NULL,'delete',122,123),
	(64,61,NULL,NULL,'children',124,125),
	(65,61,NULL,NULL,'add',126,127),
	(66,61,NULL,NULL,'update',128,129),
	(67,61,NULL,NULL,'test',130,131),
	(68,61,NULL,NULL,'success',132,133),
	(69,61,NULL,NULL,'failure',134,135),
	(70,61,NULL,NULL,'entityName',136,137),
	(71,61,NULL,NULL,'edit',138,139),
	(72,61,NULL,NULL,'index',140,141),
	(73,61,NULL,NULL,'view',142,143),
	(74,60,NULL,NULL,'AclAcos',145,168),
	(75,74,NULL,NULL,'load',146,147),
	(76,74,NULL,NULL,'delete',148,149),
	(77,74,NULL,NULL,'children',150,151),
	(78,74,NULL,NULL,'add',152,153),
	(79,74,NULL,NULL,'update',154,155),
	(80,74,NULL,NULL,'success',156,157),
	(81,74,NULL,NULL,'failure',158,159),
	(82,74,NULL,NULL,'entityName',160,161),
	(83,74,NULL,NULL,'edit',162,163),
	(84,74,NULL,NULL,'index',164,165),
	(85,74,NULL,NULL,'view',166,167),
	(86,60,NULL,NULL,'Acl',169,194),
	(87,86,NULL,NULL,'admin_index',170,171),
	(88,86,NULL,NULL,'admin_aros',172,173),
	(89,86,NULL,NULL,'admin_acos',174,175),
	(90,86,NULL,NULL,'admin_permissions',176,177),
	(91,86,NULL,NULL,'success',178,179),
	(92,86,NULL,NULL,'failure',180,181),
	(93,86,NULL,NULL,'entityName',182,183),
	(94,86,NULL,NULL,'add',184,185),
	(95,86,NULL,NULL,'edit',186,187),
	(96,86,NULL,NULL,'index',188,189),
	(97,86,NULL,NULL,'view',190,191),
	(98,86,NULL,NULL,'delete',192,193),
	(99,60,NULL,NULL,'AclPermissions',195,224),
	(100,99,NULL,NULL,'exists',196,197),
	(101,99,NULL,NULL,'create',198,199),
	(102,99,NULL,NULL,'aros',200,201),
	(103,99,NULL,NULL,'acos',202,203),
	(104,99,NULL,NULL,'revoke',204,205),
	(105,99,NULL,NULL,'crud',206,207),
	(106,99,NULL,NULL,'success',208,209),
	(107,99,NULL,NULL,'failure',210,211),
	(108,99,NULL,NULL,'entityName',212,213),
	(109,99,NULL,NULL,'add',214,215),
	(110,99,NULL,NULL,'edit',216,217),
	(111,99,NULL,NULL,'index',218,219),
	(112,99,NULL,NULL,'view',220,221),
	(113,99,NULL,NULL,'delete',222,223);

/*!40000 ALTER TABLE `acos` ENABLE KEYS */;
UNLOCK TABLES;


# Dump of table aros
# ------------------------------------------------------------

DROP TABLE IF EXISTS `aros`;

CREATE TABLE `aros` (
  `id` int(10) NOT NULL AUTO_INCREMENT,
  `parent_id` int(10) DEFAULT NULL,
  `model` varchar(255) DEFAULT NULL,
  `foreign_key` int(10) DEFAULT NULL,
  `alias` varchar(255) DEFAULT NULL,
  `lft` int(10) DEFAULT NULL,
  `rght` int(10) DEFAULT NULL,
  PRIMARY KEY (`id`)
) ENGINE=InnoDB AUTO_INCREMENT=12 DEFAULT CHARSET=utf8;

LOCK TABLES `aros` WRITE;
/*!40000 ALTER TABLE `aros` DISABLE KEYS */;
INSERT INTO `aros` (`id`,`parent_id`,`model`,`foreign_key`,`alias`,`lft`,`rght`)
VALUES
	(1,NULL,'Group',1,NULL,1,4),
	(2,NULL,'Group',2,NULL,5,8),
	(3,NULL,'Group',3,NULL,9,22),
	(4,1,'User',1,NULL,2,3),
	(5,2,'User',2,NULL,6,7),
	(6,3,'User',3,NULL,10,11),
	(7,3,'User',19,NULL,12,13),
	(8,3,'User',20,NULL,14,15),
	(9,3,'User',21,NULL,16,17),
	(10,3,'User',22,NULL,18,19),
	(11,3,'User',23,NULL,20,21);

/*!40000 ALTER TABLE `aros` ENABLE KEYS */;
UNLOCK TABLES;


# Dump of table aros_acos
# ------------------------------------------------------------

DROP TABLE IF EXISTS `aros_acos`;

CREATE TABLE `aros_acos` (
  `id` int(10) NOT NULL AUTO_INCREMENT,
  `aro_id` int(10) NOT NULL,
  `aco_id` int(10) NOT NULL,
  `_create` varchar(2) NOT NULL DEFAULT '0',
  `_read` varchar(2) NOT NULL DEFAULT '0',
  `_update` varchar(2) NOT NULL DEFAULT '0',
  `_delete` varchar(2) NOT NULL DEFAULT '0',
  PRIMARY KEY (`id`),
  UNIQUE KEY `ARO_ACO_KEY` (`aro_id`,`aco_id`)
) ENGINE=InnoDB AUTO_INCREMENT=14 DEFAULT CHARSET=utf8;

LOCK TABLES `aros_acos` WRITE;
/*!40000 ALTER TABLE `aros_acos` DISABLE KEYS */;
INSERT INTO `aros_acos` (`id`,`aro_id`,`aco_id`,`_create`,`_read`,`_update`,`_delete`)
VALUES
	(1,1,1,'1','1','1','1'),
	(2,2,1,'-1','-1','-1','-1'),
	(3,2,53,'1','1','1','1'),
	(4,2,22,'1','1','1','1'),
	(5,2,29,'1','1','1','1'),
	(6,2,39,'1','1','1','1'),
	(7,3,1,'-1','-1','-1','-1'),
	(8,3,56,'1','1','1','1'),
	(9,3,57,'1','1','1','1'),
	(10,3,25,'1','1','1','1'),
	(11,3,26,'1','1','1','1'),
	(12,3,39,'1','1','1','1'),
	(13,3,29,'1','1','1','1');

/*!40000 ALTER TABLE `aros_acos` ENABLE KEYS */;
UNLOCK TABLES;


# Dump of table groups
# ------------------------------------------------------------

DROP TABLE IF EXISTS `groups`;

CREATE TABLE `groups` (
  `id` int(11) NOT NULL AUTO_INCREMENT,
  `name` varchar(100) NOT NULL,
  `created` datetime DEFAULT NULL,
  `modified` datetime DEFAULT NULL,
  PRIMARY KEY (`id`)
) ENGINE=InnoDB AUTO_INCREMENT=4 DEFAULT CHARSET=utf8;

LOCK TABLES `groups` WRITE;
/*!40000 ALTER TABLE `groups` DISABLE KEYS */;
INSERT INTO `groups` (`id`,`name`,`created`,`modified`)
VALUES
	(1,'Admin','2010-12-26 17:29:11','2010-12-26 17:29:11'),
	(2,'staff','2010-12-26 17:29:23','2010-12-26 17:29:23'),
	(3,'user','2010-12-26 17:29:29','2010-12-26 17:29:29');

/*!40000 ALTER TABLE `groups` ENABLE KEYS */;
UNLOCK TABLES;


# Dump of table logs
# ------------------------------------------------------------

DROP TABLE IF EXISTS `logs`;

CREATE TABLE `logs` (
  `id` int(11) NOT NULL AUTO_INCREMENT,
  `title` varchar(5000) DEFAULT NULL,
  `created` datetime DEFAULT NULL,
  `modified` datetime DEFAULT NULL,
  `user_id` int(11) DEFAULT NULL,
  `action` varchar(1000) DEFAULT NULL,
  `model` varchar(1000) DEFAULT NULL,
  `description` varchar(5000) DEFAULT NULL,
  `change` varchar(5000) DEFAULT NULL,
  PRIMARY KEY (`id`)
) ENGINE=InnoDB AUTO_INCREMENT=701 DEFAULT CHARSET=utf8;

LOCK TABLES `logs` WRITE;
/*!40000 ALTER TABLE `logs` DISABLE KEYS */;
INSERT INTO `logs` (`id`,`title`,`created`,`modified`,`user_id`,`action`,`model`,`description`,`change`)
VALUES
	(1,'Log Test Project','2010-12-29 11:49:35','2010-12-29 11:49:35',NULL,'add','Project','Project \"Log Test Project\" (102) added by System.','total_time () => (00:00:00), user_id () => (1), title () => (Log Test Project), description () => (test), created () => (2010-12-29 11:49:35)'),
	(2,'LogTest 2','2010-12-29 11:51:19','2010-12-29 11:51:19',1,'add','Project','Project \"LogTest 2\" (103) added by User \"1\" (1).','total_time () => (00:00:00), user_id () => (1), title () => (LogTest 2), description () => (Test), created () => (2010-12-29 11:51:19)'),
	(3,'log test','2010-12-29 12:06:04','2010-12-29 12:06:04',1,'add','Timer','Timer \"log test\" (14) added by User \"1\" (1).','project_id () => (1), title () => (log test), time () => (00:00:06), user_id () => (1), description () => (log test), created () => (2010-12-29 12:06:04)'),
	(4,'User (8)','2010-12-29 13:47:14','2010-12-29 13:47:14',1,'add','User','User (8) added by User \"1\" (1).','active () => (0), email () => (test@gmail.com), username () => (testuser), password () => (fdda8c1a9101ebfa6139f89ff92484a90811076f), group_id () => (3), created () => (2010-12-29 13:47:14)'),
	(5,'User (9)','2010-12-29 14:11:07','2010-12-29 14:11:07',NULL,'add','User','User (9) added by System.','active () => (0), email () => (tberry@biemedia.com), username () => (test3), password () => (94761cde188ee84b7112b36df5e768b791e422f1), group_id () => (3), created () => (2010-12-29 14:11:07)'),
	(6,'User (10)','2010-12-29 14:12:41','2010-12-29 14:12:41',NULL,'add','User','User (10) added by System.','active () => (0), email () => (tberry@biemedia.com), username () => (test4), password () => (94761cde188ee84b7112b36df5e768b791e422f1), group_id () => (3), created () => (2010-12-29 14:12:41)'),
	(7,'User (11)','2010-12-29 14:23:09','2010-12-29 14:23:09',NULL,'add','User','User (11) added by System.','active () => (0), email () => (tberry@biemedia.com), username () => (test5), password () => (94761cde188ee84b7112b36df5e768b791e422f1), group_id () => (3), created () => (2010-12-29 14:23:09)'),
	(8,'User (12)','2010-12-29 14:26:04','2010-12-29 14:26:04',NULL,'add','User','User (12) added by System.','active () => (0), email () => (tberry@biemedia.com), username () => (test6), password () => (94761cde188ee84b7112b36df5e768b791e422f1), group_id () => (3), created () => (2010-12-29 14:26:04)'),
	(9,'User (13)','2010-12-29 14:29:21','2010-12-29 14:29:21',NULL,'add','User','User (13) added by System.','active () => (0), email () => (tberry@biemedia.com), username () => (test5), password () => (94761cde188ee84b7112b36df5e768b791e422f1), group_id () => (3), created () => (2010-12-29 14:29:21)'),
	(10,'User (14)','2010-12-29 14:30:15','2010-12-29 14:30:15',NULL,'add','User','User (14) added by System.','active () => (0), email () => (tberry@biemedia.com), username () => (test6), password () => (94761cde188ee84b7112b36df5e768b791e422f1), group_id () => (3), created () => (2010-12-29 14:30:15)'),
	(11,'User (14)','2010-12-29 14:30:33','2010-12-29 14:30:33',NULL,'edit','User','User (14) updated by System.','active (0) => (1)'),
	(12,'User (15)','2010-12-29 14:31:32','2010-12-29 14:31:32',NULL,'add','User','User (15) added by System.','active () => (0), email () => (tberry@biemedia.com), username () => (test7), password () => (94761cde188ee84b7112b36df5e768b791e422f1), group_id () => (3), created () => (2010-12-29 14:31:32)'),
	(13,'User (15)','2010-12-29 14:32:24','2010-12-29 14:32:24',15,'edit','User','User (15) updated by User \"15\" (15).','active (0) => (1)'),
	(14,'User (16)','2010-12-29 14:37:47','2010-12-29 14:37:47',NULL,'add','User','User (16) added by System.','active () => (0), email () => (tberry@biemedia.com), username () => (test8), password () => (94761cde188ee84b7112b36df5e768b791e422f1), group_id () => (3), created () => (2010-12-29 14:37:47)'),
	(15,'User (16)','2010-12-29 14:37:57','2010-12-29 14:37:57',NULL,'edit','User','User (16) updated by System.','active (0) => (1)'),
	(16,'User (17)','2010-12-29 14:38:33','2010-12-29 14:38:33',NULL,'add','User','User (17) added by System.','active () => (0), email () => (tberry@biemedia.com), username () => (test9), password () => (94761cde188ee84b7112b36df5e768b791e422f1), group_id () => (3), created () => (2010-12-29 14:38:33)'),
	(17,'User (17)','2010-12-29 14:38:48','2010-12-29 14:38:48',17,'edit','User','User (17) updated by User \"17\" (17).','active (0) => (1)'),
	(18,'User (18)','2010-12-29 19:09:58','2010-12-29 19:09:58',NULL,'add','User','User (18) added by System.','active () => (0), email () => (contact@travisberry.com), username () => (travtest), password () => (94761cde188ee84b7112b36df5e768b791e422f1), group_id () => (3), created () => (2010-12-29 19:09:57)'),
	(19,'User (18)','2010-12-29 19:10:42','2010-12-29 19:10:42',18,'edit','User','User (18) updated by User \"18\" (18).','active (0) => (1)'),
	(20,'testtrav project','2010-12-29 19:14:55','2010-12-29 19:14:55',18,'add','Project','Project \"testtrav project\" (104) added by User \"18\" (18).','total_time () => (00:00:00), user_id () => (18), title () => (testtrav project), description () => (dlfjskdfj), created () => (2010-12-29 19:14:55)'),
	(21,'testtrav projeca','2010-12-29 20:01:19','2010-12-29 20:01:19',18,'edit','Project','Project \"testtrav projeca\" (104) updated by User \"18\" (18).','title (testtrav project) => (testtrav projeca)'),
	(22,'sdfdf','2010-12-29 22:08:42','2010-12-29 22:08:42',1,'add','Timer','Timer \"sdfdf\" (15) added by User \"1\" (1).','project_id () => (1), title () => (sdfdf), time () => (00:33:20), user_id () => (1), description () => (sdfsdf), created () => (2010-12-29 22:08:42)'),
	(23,'test','2010-12-30 15:27:36','2010-12-30 15:27:36',18,'add','Timer','Timer \"test\" (16) added by User \"18\" (18).','project_id () => (104), title () => (test), time () => (00:00:00), user_id () => (18), description () => (test), created () => (2010-12-30 15:27:36)'),
	(24,'Demo2','2010-12-30 15:53:45','2010-12-30 15:53:45',1,'edit','Project','Project \"Demo2\" (2) updated by User \"1\" (1).','description (This is a demo) => (This is a demo edit)'),
	(25,'test','2010-12-30 15:54:51','2010-12-30 15:54:51',18,'add','Project','Project \"test\" (105) added by User \"18\" (18).','user_id () => (1), title () => (test), description () => (test), created () => (2010-12-30 15:54:51)'),
	(26,'User (19)','2010-12-30 16:01:54','2010-12-30 16:01:54',NULL,'add','User','User (19) added by System.','active () => (0), email () => (contact@travisberry.com), username () => (tester), password () => (94761cde188ee84b7112b36df5e768b791e422f1), group_id () => (3), created () => (2010-12-30 16:01:54)'),
	(27,'User (19)','2010-12-30 16:02:02','2010-12-30 16:02:02',NULL,'edit','User','User (19) updated by System.','active (0) => (1)'),
	(28,'Project','2010-12-30 16:32:39','2010-12-30 16:32:39',19,'add','Project','Project \"Project\" (106) added by User \"19\" (19).','total_time () => (00:00:00), user_id () => (19), title () => (Project), description () => (test), created () => (2010-12-30 16:32:39)'),
	(29,'Project','2010-12-30 16:32:57','2010-12-30 16:32:57',19,'edit','Project','Project \"Project\" (106) updated by User \"19\" (19).','description (test) => (test edit)'),
	(30,'Project','2010-12-30 16:34:17','2010-12-30 16:34:17',19,'edit','Project','Project \"Project\" (106) updated by User \"19\" (19).',''),
	(31,'test','2010-12-30 16:34:34','2010-12-30 16:34:34',19,'add','Timer','Timer \"test\" (17) added by User \"19\" (19).','project_id () => (106), title () => (test), time () => (00:00:04), user_id () => (19), description () => (test), created () => (2010-12-30 16:34:34)'),
	(32,'Project','2010-12-30 16:34:52','2010-12-30 16:34:52',19,'edit','Project','Project \"Project\" (106) updated by User \"19\" (19).','total_time (00:00:00) => (00:00:04)'),
	(33,'test','2010-12-30 16:35:12','2010-12-30 16:35:12',19,'edit','Timer','Timer \"test\" (17) updated by User \"19\" (19).','time (00:00:04) => (00:00:06)'),
	(34,'User (20)','2010-12-30 16:55:46','2010-12-30 16:55:46',NULL,'add','User','User (20) added by User \"\" ().','active () => (0), email () => (travisberry@travisberry.com), username () => (tester2), password () => (94761cde188ee84b7112b36df5e768b791e422f1), group_id () => (3), created () => (2010-12-30 16:55:46)'),
	(35,'User (20)','2010-12-30 16:57:05','2010-12-30 16:57:05',NULL,'edit','User','User (20) updated by User \"\" ().','active (0) => (1)'),
	(36,'Logtest','2010-12-30 16:59:30','2010-12-30 16:59:30',1,'add','Project','Project \"Logtest\" (107) added by User \"1\" (1).','total_time () => (00:00:00), user_id () => (1), title () => (Logtest), description () => (test), created () => (2010-12-30 16:59:30)'),
	(37,'Demo','2010-12-30 17:44:20','2010-12-30 17:44:20',1,'edit','Project','Project \"Demo\" (1) updated by User \"1\" (1).','total_time (01:04:00) => (01:37:26)'),
	(38,'test timer for user','2010-12-31 10:51:06','2010-12-31 10:51:06',1,'delete','Timer','Timer \"test timer for user\" (9) deleted by User \"1\" (1).',NULL),
	(39,'user project','2010-12-31 10:51:48','2010-12-31 10:51:48',20,'add','Project','Project \"user project\" (108) added by User \"20\" (20).','total_time () => (00:00:00), user_id () => (20), title () => (user project), description () => (blah), created () => (2010-12-31 10:51:48)'),
	(40,'timer','2010-12-31 10:52:03','2010-12-31 10:52:03',20,'add','Timer','Timer \"timer\" (18) added by User \"20\" (20).','project_id () => (108), title () => (timer), time () => (00:00:03), user_id () => (20), description () => (timer), created () => (2010-12-31 10:52:02)'),
	(41,'Demo','2010-12-31 11:17:05','2010-12-31 11:17:05',1,'edit','Project','Project \"Demo\" (1) updated by User \"1\" (1).',''),
	(42,'Demo','2010-12-31 11:32:38','2010-12-31 11:32:38',1,'edit','Project','Project \"Demo\" (1) updated by User \"1\" (1).',''),
	(43,'ajax test','2010-12-31 11:33:27','2010-12-31 11:33:27',1,'add','Timer','Timer \"ajax test\" (19) added by User \"1\" (1).','project_id () => (1), title () => (ajax test), time () => (00:00:10), user_id () => (1), description () => (test), created () => (2010-12-31 11:33:27)'),
	(44,'Demo','2010-12-31 11:33:37','2010-12-31 11:33:37',1,'edit','Project','Project \"Demo\" (1) updated by User \"1\" (1).','total_time (01:37:26) => (01:37:36)'),
	(45,'Demo','2010-12-31 11:42:48','2010-12-31 11:42:48',1,'edit','Project','Project \"Demo\" (1) updated by User \"1\" (1).',''),
	(46,'ajax','2010-12-31 11:44:19','2010-12-31 11:44:19',1,'add','Timer','Timer \"ajax\" (20) added by User \"1\" (1).','project_id () => (1), title () => (ajax), time () => (00:00:10), user_id () => (1), description () => (test), created () => (2010-12-31 11:44:19)'),
	(47,'Demo','2010-12-31 11:44:28','2010-12-31 11:44:28',1,'edit','Project','Project \"Demo\" (1) updated by User \"1\" (1).','total_time (01:37:36) => (01:37:46)'),
	(48,'Demo','2010-12-31 11:49:23','2010-12-31 11:49:23',1,'edit','Project','Project \"Demo\" (1) updated by User \"1\" (1).',''),
	(49,'test','2010-12-31 11:56:12','2010-12-31 11:56:12',1,'add','Timer','Timer \"test\" (21) added by User \"1\" (1).','project_id () => (1), title () => (test), time () => (00:00:05), user_id () => (1), description () => (test), created () => (2010-12-31 11:56:12)'),
	(50,'Demo','2010-12-31 11:56:38','2010-12-31 11:56:38',1,'edit','Project','Project \"Demo\" (1) updated by User \"1\" (1).','total_time (01:37:46) => (01:37:51)'),
	(51,'Demo','2010-12-31 12:00:55','2010-12-31 12:00:55',1,'edit','Project','Project \"Demo\" (1) updated by User \"1\" (1).',''),
	(52,'Demo','2010-12-31 12:02:01','2010-12-31 12:02:01',1,'edit','Project','Project \"Demo\" (1) updated by User \"1\" (1).',''),
	(53,'Demo','2010-12-31 12:03:06','2010-12-31 12:03:06',1,'edit','Project','Project \"Demo\" (1) updated by User \"1\" (1).',''),
	(54,'Demo','2010-12-31 12:04:42','2010-12-31 12:04:42',1,'edit','Project','Project \"Demo\" (1) updated by User \"1\" (1).',''),
	(55,'Demo','2010-12-31 12:05:16','2010-12-31 12:05:16',1,'edit','Project','Project \"Demo\" (1) updated by User \"1\" (1).',''),
	(56,'Demo2','2010-12-31 12:06:52','2010-12-31 12:06:52',1,'edit','Project','Project \"Demo2\" (2) updated by User \"1\" (1).',''),
	(57,'Demo2','2010-12-31 12:12:11','2010-12-31 12:12:11',1,'edit','Project','Project \"Demo2\" (2) updated by User \"1\" (1).',''),
	(58,'Demo','2010-12-31 12:40:52','2010-12-31 12:40:52',1,'edit','Project','Project \"Demo\" (1) updated by User \"1\" (1).',''),
	(59,'Demo2','2010-12-31 12:40:52','2010-12-31 12:40:52',1,'edit','Project','Project \"Demo2\" (2) updated by User \"1\" (1).',''),
	(60,'Demo3','2010-12-31 12:40:52','2010-12-31 12:40:52',1,'edit','Project','Project \"Demo3\" (11) updated by User \"1\" (1).',''),
	(61,'Awesome','2010-12-31 12:40:52','2010-12-31 12:40:52',1,'edit','Project','Project \"Awesome\" (99) updated by User \"1\" (1).','total_time (00:00:05) => (00:00:00)'),
	(62,'UserProject','2010-12-31 12:40:52','2010-12-31 12:40:52',1,'edit','Project','Project \"UserProject\" (97) updated by User \"1\" (1).',''),
	(63,'Duh','2010-12-31 12:40:52','2010-12-31 12:40:52',1,'edit','Project','Project \"Duh\" (98) updated by User \"1\" (1).',''),
	(64,'Log Test Project','2010-12-31 12:40:52','2010-12-31 12:40:52',1,'edit','Project','Project \"Log Test Project\" (102) updated by User \"1\" (1).',''),
	(65,'LogTest 2','2010-12-31 12:40:52','2010-12-31 12:40:52',1,'edit','Project','Project \"LogTest 2\" (103) updated by User \"1\" (1).',''),
	(66,'testtrav projeca','2010-12-31 12:40:52','2010-12-31 12:40:52',1,'edit','Project','Project \"testtrav projeca\" (104) updated by User \"1\" (1).',''),
	(67,'test','2010-12-31 12:40:52','2010-12-31 12:40:52',1,'edit','Project','Project \"test\" (105) updated by User \"1\" (1).',''),
	(68,'Project','2010-12-31 12:40:52','2010-12-31 12:40:52',1,'edit','Project','Project \"Project\" (106) updated by User \"1\" (1).','total_time (00:00:04) => (00:00:06)'),
	(69,'Logtest','2010-12-31 12:40:52','2010-12-31 12:40:52',1,'edit','Project','Project \"Logtest\" (107) updated by User \"1\" (1).',''),
	(70,'user project','2010-12-31 12:40:52','2010-12-31 12:40:52',1,'edit','Project','Project \"user project\" (108) updated by User \"1\" (1).','total_time (00:00:00) => (00:00:03)'),
	(71,'test','2010-12-31 12:41:19','2010-12-31 12:41:19',1,'add','Timer','Timer \"test\" (22) added by User \"1\" (1).','project_id () => (1), title () => (test), time () => (00:00:04), user_id () => (1), description () => (test), created () => (2010-12-31 12:41:19)'),
	(72,'Demo','2010-12-31 12:41:28','2010-12-31 12:41:28',1,'edit','Project','Project \"Demo\" (1) updated by User \"1\" (1).','total_time (01:37:51) => (01:37:55)'),
	(73,'Demo2','2010-12-31 12:41:28','2010-12-31 12:41:28',1,'edit','Project','Project \"Demo2\" (2) updated by User \"1\" (1).',''),
	(74,'Demo3','2010-12-31 12:41:28','2010-12-31 12:41:28',1,'edit','Project','Project \"Demo3\" (11) updated by User \"1\" (1).',''),
	(75,'Awesome','2010-12-31 12:41:28','2010-12-31 12:41:28',1,'edit','Project','Project \"Awesome\" (99) updated by User \"1\" (1).',''),
	(76,'UserProject','2010-12-31 12:41:28','2010-12-31 12:41:28',1,'edit','Project','Project \"UserProject\" (97) updated by User \"1\" (1).',''),
	(77,'Duh','2010-12-31 12:41:28','2010-12-31 12:41:28',1,'edit','Project','Project \"Duh\" (98) updated by User \"1\" (1).',''),
	(78,'Log Test Project','2010-12-31 12:41:28','2010-12-31 12:41:28',1,'edit','Project','Project \"Log Test Project\" (102) updated by User \"1\" (1).',''),
	(79,'LogTest 2','2010-12-31 12:41:28','2010-12-31 12:41:28',1,'edit','Project','Project \"LogTest 2\" (103) updated by User \"1\" (1).',''),
	(80,'testtrav projeca','2010-12-31 12:41:28','2010-12-31 12:41:28',1,'edit','Project','Project \"testtrav projeca\" (104) updated by User \"1\" (1).',''),
	(81,'test','2010-12-31 12:41:28','2010-12-31 12:41:28',1,'edit','Project','Project \"test\" (105) updated by User \"1\" (1).',''),
	(82,'Project','2010-12-31 12:41:28','2010-12-31 12:41:28',1,'edit','Project','Project \"Project\" (106) updated by User \"1\" (1).',''),
	(83,'Logtest','2010-12-31 12:41:28','2010-12-31 12:41:28',1,'edit','Project','Project \"Logtest\" (107) updated by User \"1\" (1).',''),
	(84,'user project','2010-12-31 12:41:28','2010-12-31 12:41:28',1,'edit','Project','Project \"user project\" (108) updated by User \"1\" (1).',''),
	(85,'test','2010-12-31 12:43:10','2010-12-31 12:43:10',1,'add','Timer','Timer \"test\" (23) added by User \"1\" (1).','project_id () => (1), title () => (test), time () => (00:00:03), user_id () => (1), description () => (test), created () => (2010-12-31 12:43:10)'),
	(86,'Demo','2010-12-31 12:43:15','2010-12-31 12:43:15',1,'edit','Project','Project \"Demo\" (1) updated by User \"1\" (1).','total_time (01:37:55) => (01:37:58)'),
	(87,'Demo2','2010-12-31 12:43:15','2010-12-31 12:43:15',1,'edit','Project','Project \"Demo2\" (2) updated by User \"1\" (1).',''),
	(88,'Demo3','2010-12-31 12:43:15','2010-12-31 12:43:15',1,'edit','Project','Project \"Demo3\" (11) updated by User \"1\" (1).',''),
	(89,'Awesome','2010-12-31 12:43:15','2010-12-31 12:43:15',1,'edit','Project','Project \"Awesome\" (99) updated by User \"1\" (1).',''),
	(90,'UserProject','2010-12-31 12:43:15','2010-12-31 12:43:15',1,'edit','Project','Project \"UserProject\" (97) updated by User \"1\" (1).',''),
	(91,'Duh','2010-12-31 12:43:15','2010-12-31 12:43:15',1,'edit','Project','Project \"Duh\" (98) updated by User \"1\" (1).',''),
	(92,'Log Test Project','2010-12-31 12:43:15','2010-12-31 12:43:15',1,'edit','Project','Project \"Log Test Project\" (102) updated by User \"1\" (1).',''),
	(93,'LogTest 2','2010-12-31 12:43:15','2010-12-31 12:43:15',1,'edit','Project','Project \"LogTest 2\" (103) updated by User \"1\" (1).',''),
	(94,'testtrav projeca','2010-12-31 12:43:15','2010-12-31 12:43:15',1,'edit','Project','Project \"testtrav projeca\" (104) updated by User \"1\" (1).',''),
	(95,'test','2010-12-31 12:43:15','2010-12-31 12:43:15',1,'edit','Project','Project \"test\" (105) updated by User \"1\" (1).',''),
	(96,'Project','2010-12-31 12:43:15','2010-12-31 12:43:15',1,'edit','Project','Project \"Project\" (106) updated by User \"1\" (1).',''),
	(97,'Logtest','2010-12-31 12:43:15','2010-12-31 12:43:15',1,'edit','Project','Project \"Logtest\" (107) updated by User \"1\" (1).',''),
	(98,'user project','2010-12-31 12:43:15','2010-12-31 12:43:15',1,'edit','Project','Project \"user project\" (108) updated by User \"1\" (1).',''),
	(99,'Demo','2010-12-31 12:43:58','2010-12-31 12:43:58',1,'edit','Project','Project \"Demo\" (1) updated by User \"1\" (1).',''),
	(100,'Demo2','2010-12-31 12:43:58','2010-12-31 12:43:58',1,'edit','Project','Project \"Demo2\" (2) updated by User \"1\" (1).',''),
	(101,'Demo3','2010-12-31 12:43:59','2010-12-31 12:43:59',1,'edit','Project','Project \"Demo3\" (11) updated by User \"1\" (1).',''),
	(102,'Awesome','2010-12-31 12:43:59','2010-12-31 12:43:59',1,'edit','Project','Project \"Awesome\" (99) updated by User \"1\" (1).',''),
	(103,'UserProject','2010-12-31 12:43:59','2010-12-31 12:43:59',1,'edit','Project','Project \"UserProject\" (97) updated by User \"1\" (1).',''),
	(104,'Duh','2010-12-31 12:43:59','2010-12-31 12:43:59',1,'edit','Project','Project \"Duh\" (98) updated by User \"1\" (1).',''),
	(105,'Log Test Project','2010-12-31 12:43:59','2010-12-31 12:43:59',1,'edit','Project','Project \"Log Test Project\" (102) updated by User \"1\" (1).',''),
	(106,'LogTest 2','2010-12-31 12:43:59','2010-12-31 12:43:59',1,'edit','Project','Project \"LogTest 2\" (103) updated by User \"1\" (1).',''),
	(107,'testtrav projeca','2010-12-31 12:43:59','2010-12-31 12:43:59',1,'edit','Project','Project \"testtrav projeca\" (104) updated by User \"1\" (1).',''),
	(108,'test','2010-12-31 12:43:59','2010-12-31 12:43:59',1,'edit','Project','Project \"test\" (105) updated by User \"1\" (1).',''),
	(109,'Project','2010-12-31 12:43:59','2010-12-31 12:43:59',1,'edit','Project','Project \"Project\" (106) updated by User \"1\" (1).',''),
	(110,'Logtest','2010-12-31 12:43:59','2010-12-31 12:43:59',1,'edit','Project','Project \"Logtest\" (107) updated by User \"1\" (1).',''),
	(111,'user project','2010-12-31 12:43:59','2010-12-31 12:43:59',1,'edit','Project','Project \"user project\" (108) updated by User \"1\" (1).',''),
	(112,'Demo','2010-12-31 12:44:54','2010-12-31 12:44:54',1,'edit','Project','Project \"Demo\" (1) updated by User \"1\" (1).',''),
	(113,'Demo2','2010-12-31 12:44:54','2010-12-31 12:44:54',1,'edit','Project','Project \"Demo2\" (2) updated by User \"1\" (1).',''),
	(114,'Demo3','2010-12-31 12:44:54','2010-12-31 12:44:54',1,'edit','Project','Project \"Demo3\" (11) updated by User \"1\" (1).',''),
	(115,'Awesome','2010-12-31 12:44:54','2010-12-31 12:44:54',1,'edit','Project','Project \"Awesome\" (99) updated by User \"1\" (1).',''),
	(116,'UserProject','2010-12-31 12:44:54','2010-12-31 12:44:54',1,'edit','Project','Project \"UserProject\" (97) updated by User \"1\" (1).',''),
	(117,'Duh','2010-12-31 12:44:54','2010-12-31 12:44:54',1,'edit','Project','Project \"Duh\" (98) updated by User \"1\" (1).',''),
	(118,'Log Test Project','2010-12-31 12:44:54','2010-12-31 12:44:54',1,'edit','Project','Project \"Log Test Project\" (102) updated by User \"1\" (1).',''),
	(119,'LogTest 2','2010-12-31 12:44:54','2010-12-31 12:44:54',1,'edit','Project','Project \"LogTest 2\" (103) updated by User \"1\" (1).',''),
	(120,'testtrav projeca','2010-12-31 12:44:54','2010-12-31 12:44:54',1,'edit','Project','Project \"testtrav projeca\" (104) updated by User \"1\" (1).',''),
	(121,'test','2010-12-31 12:44:54','2010-12-31 12:44:54',1,'edit','Project','Project \"test\" (105) updated by User \"1\" (1).',''),
	(122,'Project','2010-12-31 12:44:54','2010-12-31 12:44:54',1,'edit','Project','Project \"Project\" (106) updated by User \"1\" (1).',''),
	(123,'Logtest','2010-12-31 12:44:54','2010-12-31 12:44:54',1,'edit','Project','Project \"Logtest\" (107) updated by User \"1\" (1).',''),
	(124,'user project','2010-12-31 12:44:54','2010-12-31 12:44:54',1,'edit','Project','Project \"user project\" (108) updated by User \"1\" (1).',''),
	(125,'Demo','2010-12-31 12:44:54','2010-12-31 12:44:54',1,'edit','Project','Project \"Demo\" (1) updated by User \"1\" (1).',''),
	(126,'Demo2','2010-12-31 12:44:54','2010-12-31 12:44:54',1,'edit','Project','Project \"Demo2\" (2) updated by User \"1\" (1).',''),
	(127,'Demo3','2010-12-31 12:44:54','2010-12-31 12:44:54',1,'edit','Project','Project \"Demo3\" (11) updated by User \"1\" (1).',''),
	(128,'Awesome','2010-12-31 12:44:54','2010-12-31 12:44:54',1,'edit','Project','Project \"Awesome\" (99) updated by User \"1\" (1).',''),
	(129,'UserProject','2010-12-31 12:44:54','2010-12-31 12:44:54',1,'edit','Project','Project \"UserProject\" (97) updated by User \"1\" (1).',''),
	(130,'Duh','2010-12-31 12:44:54','2010-12-31 12:44:54',1,'edit','Project','Project \"Duh\" (98) updated by User \"1\" (1).',''),
	(131,'Log Test Project','2010-12-31 12:44:54','2010-12-31 12:44:54',1,'edit','Project','Project \"Log Test Project\" (102) updated by User \"1\" (1).',''),
	(132,'LogTest 2','2010-12-31 12:44:54','2010-12-31 12:44:54',1,'edit','Project','Project \"LogTest 2\" (103) updated by User \"1\" (1).',''),
	(133,'testtrav projeca','2010-12-31 12:44:54','2010-12-31 12:44:54',1,'edit','Project','Project \"testtrav projeca\" (104) updated by User \"1\" (1).',''),
	(134,'test','2010-12-31 12:44:54','2010-12-31 12:44:54',1,'edit','Project','Project \"test\" (105) updated by User \"1\" (1).',''),
	(135,'Project','2010-12-31 12:44:54','2010-12-31 12:44:54',1,'edit','Project','Project \"Project\" (106) updated by User \"1\" (1).',''),
	(136,'Logtest','2010-12-31 12:44:54','2010-12-31 12:44:54',1,'edit','Project','Project \"Logtest\" (107) updated by User \"1\" (1).',''),
	(137,'user project','2010-12-31 12:44:55','2010-12-31 12:44:55',1,'edit','Project','Project \"user project\" (108) updated by User \"1\" (1).',''),
	(138,'Demo','2010-12-31 12:44:55','2010-12-31 12:44:55',1,'edit','Project','Project \"Demo\" (1) updated by User \"1\" (1).',''),
	(139,'Demo2','2010-12-31 12:44:55','2010-12-31 12:44:55',1,'edit','Project','Project \"Demo2\" (2) updated by User \"1\" (1).',''),
	(140,'Demo3','2010-12-31 12:44:55','2010-12-31 12:44:55',1,'edit','Project','Project \"Demo3\" (11) updated by User \"1\" (1).',''),
	(141,'Awesome','2010-12-31 12:44:55','2010-12-31 12:44:55',1,'edit','Project','Project \"Awesome\" (99) updated by User \"1\" (1).',''),
	(142,'UserProject','2010-12-31 12:44:55','2010-12-31 12:44:55',1,'edit','Project','Project \"UserProject\" (97) updated by User \"1\" (1).',''),
	(143,'Duh','2010-12-31 12:44:55','2010-12-31 12:44:55',1,'edit','Project','Project \"Duh\" (98) updated by User \"1\" (1).',''),
	(144,'Log Test Project','2010-12-31 12:44:55','2010-12-31 12:44:55',1,'edit','Project','Project \"Log Test Project\" (102) updated by User \"1\" (1).',''),
	(145,'LogTest 2','2010-12-31 12:44:55','2010-12-31 12:44:55',1,'edit','Project','Project \"LogTest 2\" (103) updated by User \"1\" (1).',''),
	(146,'testtrav projeca','2010-12-31 12:44:55','2010-12-31 12:44:55',1,'edit','Project','Project \"testtrav projeca\" (104) updated by User \"1\" (1).',''),
	(147,'test','2010-12-31 12:44:55','2010-12-31 12:44:55',1,'edit','Project','Project \"test\" (105) updated by User \"1\" (1).',''),
	(148,'Project','2010-12-31 12:44:55','2010-12-31 12:44:55',1,'edit','Project','Project \"Project\" (106) updated by User \"1\" (1).',''),
	(149,'Logtest','2010-12-31 12:44:55','2010-12-31 12:44:55',1,'edit','Project','Project \"Logtest\" (107) updated by User \"1\" (1).',''),
	(150,'user project','2010-12-31 12:44:55','2010-12-31 12:44:55',1,'edit','Project','Project \"user project\" (108) updated by User \"1\" (1).',''),
	(151,'Demo','2010-12-31 12:44:58','2010-12-31 12:44:58',1,'edit','Project','Project \"Demo\" (1) updated by User \"1\" (1).',''),
	(152,'Demo2','2010-12-31 12:44:58','2010-12-31 12:44:58',1,'edit','Project','Project \"Demo2\" (2) updated by User \"1\" (1).',''),
	(153,'Demo3','2010-12-31 12:44:58','2010-12-31 12:44:58',1,'edit','Project','Project \"Demo3\" (11) updated by User \"1\" (1).',''),
	(154,'Awesome','2010-12-31 12:44:58','2010-12-31 12:44:58',1,'edit','Project','Project \"Awesome\" (99) updated by User \"1\" (1).',''),
	(155,'UserProject','2010-12-31 12:44:58','2010-12-31 12:44:58',1,'edit','Project','Project \"UserProject\" (97) updated by User \"1\" (1).',''),
	(156,'Duh','2010-12-31 12:44:59','2010-12-31 12:44:59',1,'edit','Project','Project \"Duh\" (98) updated by User \"1\" (1).',''),
	(157,'Log Test Project','2010-12-31 12:44:59','2010-12-31 12:44:59',1,'edit','Project','Project \"Log Test Project\" (102) updated by User \"1\" (1).',''),
	(158,'LogTest 2','2010-12-31 12:44:59','2010-12-31 12:44:59',1,'edit','Project','Project \"LogTest 2\" (103) updated by User \"1\" (1).',''),
	(159,'testtrav projeca','2010-12-31 12:44:59','2010-12-31 12:44:59',1,'edit','Project','Project \"testtrav projeca\" (104) updated by User \"1\" (1).',''),
	(160,'test','2010-12-31 12:44:59','2010-12-31 12:44:59',1,'edit','Project','Project \"test\" (105) updated by User \"1\" (1).',''),
	(161,'Project','2010-12-31 12:44:59','2010-12-31 12:44:59',1,'edit','Project','Project \"Project\" (106) updated by User \"1\" (1).',''),
	(162,'Logtest','2010-12-31 12:44:59','2010-12-31 12:44:59',1,'edit','Project','Project \"Logtest\" (107) updated by User \"1\" (1).',''),
	(163,'user project','2010-12-31 12:44:59','2010-12-31 12:44:59',1,'edit','Project','Project \"user project\" (108) updated by User \"1\" (1).',''),
	(164,'Demo','2010-12-31 12:44:59','2010-12-31 12:44:59',1,'edit','Project','Project \"Demo\" (1) updated by User \"1\" (1).',''),
	(165,'Demo2','2010-12-31 12:44:59','2010-12-31 12:44:59',1,'edit','Project','Project \"Demo2\" (2) updated by User \"1\" (1).',''),
	(166,'Demo3','2010-12-31 12:44:59','2010-12-31 12:44:59',1,'edit','Project','Project \"Demo3\" (11) updated by User \"1\" (1).',''),
	(167,'Awesome','2010-12-31 12:44:59','2010-12-31 12:44:59',1,'edit','Project','Project \"Awesome\" (99) updated by User \"1\" (1).',''),
	(168,'UserProject','2010-12-31 12:44:59','2010-12-31 12:44:59',1,'edit','Project','Project \"UserProject\" (97) updated by User \"1\" (1).',''),
	(169,'Duh','2010-12-31 12:44:59','2010-12-31 12:44:59',1,'edit','Project','Project \"Duh\" (98) updated by User \"1\" (1).',''),
	(170,'Log Test Project','2010-12-31 12:44:59','2010-12-31 12:44:59',1,'edit','Project','Project \"Log Test Project\" (102) updated by User \"1\" (1).',''),
	(171,'LogTest 2','2010-12-31 12:44:59','2010-12-31 12:44:59',1,'edit','Project','Project \"LogTest 2\" (103) updated by User \"1\" (1).',''),
	(172,'testtrav projeca','2010-12-31 12:44:59','2010-12-31 12:44:59',1,'edit','Project','Project \"testtrav projeca\" (104) updated by User \"1\" (1).',''),
	(173,'test','2010-12-31 12:44:59','2010-12-31 12:44:59',1,'edit','Project','Project \"test\" (105) updated by User \"1\" (1).',''),
	(174,'Project','2010-12-31 12:44:59','2010-12-31 12:44:59',1,'edit','Project','Project \"Project\" (106) updated by User \"1\" (1).',''),
	(175,'Logtest','2010-12-31 12:44:59','2010-12-31 12:44:59',1,'edit','Project','Project \"Logtest\" (107) updated by User \"1\" (1).',''),
	(176,'user project','2010-12-31 12:44:59','2010-12-31 12:44:59',1,'edit','Project','Project \"user project\" (108) updated by User \"1\" (1).',''),
	(177,'Demo','2010-12-31 12:45:00','2010-12-31 12:45:00',1,'edit','Project','Project \"Demo\" (1) updated by User \"1\" (1).',''),
	(178,'Demo2','2010-12-31 12:45:00','2010-12-31 12:45:00',1,'edit','Project','Project \"Demo2\" (2) updated by User \"1\" (1).',''),
	(179,'Demo3','2010-12-31 12:45:00','2010-12-31 12:45:00',1,'edit','Project','Project \"Demo3\" (11) updated by User \"1\" (1).',''),
	(180,'Awesome','2010-12-31 12:45:00','2010-12-31 12:45:00',1,'edit','Project','Project \"Awesome\" (99) updated by User \"1\" (1).',''),
	(181,'UserProject','2010-12-31 12:45:00','2010-12-31 12:45:00',1,'edit','Project','Project \"UserProject\" (97) updated by User \"1\" (1).',''),
	(182,'Duh','2010-12-31 12:45:00','2010-12-31 12:45:00',1,'edit','Project','Project \"Duh\" (98) updated by User \"1\" (1).',''),
	(183,'Log Test Project','2010-12-31 12:45:00','2010-12-31 12:45:00',1,'edit','Project','Project \"Log Test Project\" (102) updated by User \"1\" (1).',''),
	(184,'LogTest 2','2010-12-31 12:45:00','2010-12-31 12:45:00',1,'edit','Project','Project \"LogTest 2\" (103) updated by User \"1\" (1).',''),
	(185,'testtrav projeca','2010-12-31 12:45:00','2010-12-31 12:45:00',1,'edit','Project','Project \"testtrav projeca\" (104) updated by User \"1\" (1).',''),
	(186,'test','2010-12-31 12:45:00','2010-12-31 12:45:00',1,'edit','Project','Project \"test\" (105) updated by User \"1\" (1).',''),
	(187,'Project','2010-12-31 12:45:00','2010-12-31 12:45:00',1,'edit','Project','Project \"Project\" (106) updated by User \"1\" (1).',''),
	(188,'Logtest','2010-12-31 12:45:00','2010-12-31 12:45:00',1,'edit','Project','Project \"Logtest\" (107) updated by User \"1\" (1).',''),
	(189,'user project','2010-12-31 12:45:00','2010-12-31 12:45:00',1,'edit','Project','Project \"user project\" (108) updated by User \"1\" (1).',''),
	(190,'Demo','2010-12-31 12:46:25','2010-12-31 12:46:25',1,'edit','Project','Project \"Demo\" (1) updated by User \"1\" (1).',''),
	(191,'Demo','2010-12-31 12:48:04','2010-12-31 12:48:04',1,'edit','Project','Project \"Demo\" (1) updated by User \"1\" (1).',''),
	(192,'Demo2','2010-12-31 12:48:05','2010-12-31 12:48:05',1,'edit','Project','Project \"Demo2\" (2) updated by User \"1\" (1).',''),
	(193,'Demo3','2010-12-31 12:48:05','2010-12-31 12:48:05',1,'edit','Project','Project \"Demo3\" (11) updated by User \"1\" (1).',''),
	(194,'Awesome','2010-12-31 12:48:05','2010-12-31 12:48:05',1,'edit','Project','Project \"Awesome\" (99) updated by User \"1\" (1).',''),
	(195,'UserProject','2010-12-31 12:48:05','2010-12-31 12:48:05',1,'edit','Project','Project \"UserProject\" (97) updated by User \"1\" (1).',''),
	(196,'Duh','2010-12-31 12:48:05','2010-12-31 12:48:05',1,'edit','Project','Project \"Duh\" (98) updated by User \"1\" (1).',''),
	(197,'Log Test Project','2010-12-31 12:48:05','2010-12-31 12:48:05',1,'edit','Project','Project \"Log Test Project\" (102) updated by User \"1\" (1).',''),
	(198,'LogTest 2','2010-12-31 12:48:05','2010-12-31 12:48:05',1,'edit','Project','Project \"LogTest 2\" (103) updated by User \"1\" (1).',''),
	(199,'testtrav projeca','2010-12-31 12:48:05','2010-12-31 12:48:05',1,'edit','Project','Project \"testtrav projeca\" (104) updated by User \"1\" (1).',''),
	(200,'test','2010-12-31 12:48:05','2010-12-31 12:48:05',1,'edit','Project','Project \"test\" (105) updated by User \"1\" (1).',''),
	(201,'Project','2010-12-31 12:48:05','2010-12-31 12:48:05',1,'edit','Project','Project \"Project\" (106) updated by User \"1\" (1).',''),
	(202,'Logtest','2010-12-31 12:48:05','2010-12-31 12:48:05',1,'edit','Project','Project \"Logtest\" (107) updated by User \"1\" (1).',''),
	(203,'user project','2010-12-31 12:48:05','2010-12-31 12:48:05',1,'edit','Project','Project \"user project\" (108) updated by User \"1\" (1).',''),
	(204,'Demo','2010-12-31 12:54:54','2010-12-31 12:54:54',1,'edit','Project','Project \"Demo\" (1) updated by User \"1\" (1).',''),
	(205,'Demo','2010-12-31 12:56:35','2010-12-31 12:56:35',1,'edit','Project','Project \"Demo\" (1) updated by User \"1\" (1).',''),
	(206,'Demo','2010-12-31 12:57:26','2010-12-31 12:57:26',1,'edit','Project','Project \"Demo\" (1) updated by User \"1\" (1).',''),
	(207,'Demo','2010-12-31 12:57:52','2010-12-31 12:57:52',1,'edit','Project','Project \"Demo\" (1) updated by User \"1\" (1).',''),
	(208,'Demo','2010-12-31 12:59:25','2010-12-31 12:59:25',1,'edit','Project','Project \"Demo\" (1) updated by User \"1\" (1).',''),
	(209,'Demo2','2010-12-31 12:59:25','2010-12-31 12:59:25',1,'edit','Project','Project \"Demo2\" (2) updated by User \"1\" (1).',''),
	(210,'Demo3','2010-12-31 12:59:25','2010-12-31 12:59:25',1,'edit','Project','Project \"Demo3\" (11) updated by User \"1\" (1).',''),
	(211,'Awesome','2010-12-31 12:59:25','2010-12-31 12:59:25',1,'edit','Project','Project \"Awesome\" (99) updated by User \"1\" (1).',''),
	(212,'UserProject','2010-12-31 12:59:25','2010-12-31 12:59:25',1,'edit','Project','Project \"UserProject\" (97) updated by User \"1\" (1).',''),
	(213,'Duh','2010-12-31 12:59:25','2010-12-31 12:59:25',1,'edit','Project','Project \"Duh\" (98) updated by User \"1\" (1).',''),
	(214,'Log Test Project','2010-12-31 12:59:25','2010-12-31 12:59:25',1,'edit','Project','Project \"Log Test Project\" (102) updated by User \"1\" (1).',''),
	(215,'LogTest 2','2010-12-31 12:59:25','2010-12-31 12:59:25',1,'edit','Project','Project \"LogTest 2\" (103) updated by User \"1\" (1).',''),
	(216,'testtrav projeca','2010-12-31 12:59:25','2010-12-31 12:59:25',1,'edit','Project','Project \"testtrav projeca\" (104) updated by User \"1\" (1).',''),
	(217,'test','2010-12-31 12:59:25','2010-12-31 12:59:25',1,'edit','Project','Project \"test\" (105) updated by User \"1\" (1).',''),
	(218,'Project','2010-12-31 12:59:25','2010-12-31 12:59:25',1,'edit','Project','Project \"Project\" (106) updated by User \"1\" (1).',''),
	(219,'Logtest','2010-12-31 12:59:25','2010-12-31 12:59:25',1,'edit','Project','Project \"Logtest\" (107) updated by User \"1\" (1).',''),
	(220,'user project','2010-12-31 12:59:25','2010-12-31 12:59:25',1,'edit','Project','Project \"user project\" (108) updated by User \"1\" (1).',''),
	(221,'Demo','2010-12-31 12:59:33','2010-12-31 12:59:33',1,'edit','Project','Project \"Demo\" (1) updated by User \"1\" (1).',''),
	(222,'Demo2','2010-12-31 12:59:33','2010-12-31 12:59:33',1,'edit','Project','Project \"Demo2\" (2) updated by User \"1\" (1).',''),
	(223,'Demo3','2010-12-31 12:59:33','2010-12-31 12:59:33',1,'edit','Project','Project \"Demo3\" (11) updated by User \"1\" (1).',''),
	(224,'Awesome','2010-12-31 12:59:33','2010-12-31 12:59:33',1,'edit','Project','Project \"Awesome\" (99) updated by User \"1\" (1).',''),
	(225,'UserProject','2010-12-31 12:59:33','2010-12-31 12:59:33',1,'edit','Project','Project \"UserProject\" (97) updated by User \"1\" (1).',''),
	(226,'Duh','2010-12-31 12:59:33','2010-12-31 12:59:33',1,'edit','Project','Project \"Duh\" (98) updated by User \"1\" (1).',''),
	(227,'Log Test Project','2010-12-31 12:59:33','2010-12-31 12:59:33',1,'edit','Project','Project \"Log Test Project\" (102) updated by User \"1\" (1).',''),
	(228,'LogTest 2','2010-12-31 12:59:33','2010-12-31 12:59:33',1,'edit','Project','Project \"LogTest 2\" (103) updated by User \"1\" (1).',''),
	(229,'testtrav projeca','2010-12-31 12:59:33','2010-12-31 12:59:33',1,'edit','Project','Project \"testtrav projeca\" (104) updated by User \"1\" (1).',''),
	(230,'test','2010-12-31 12:59:33','2010-12-31 12:59:33',1,'edit','Project','Project \"test\" (105) updated by User \"1\" (1).',''),
	(231,'Project','2010-12-31 12:59:33','2010-12-31 12:59:33',1,'edit','Project','Project \"Project\" (106) updated by User \"1\" (1).',''),
	(232,'Logtest','2010-12-31 12:59:33','2010-12-31 12:59:33',1,'edit','Project','Project \"Logtest\" (107) updated by User \"1\" (1).',''),
	(233,'user project','2010-12-31 12:59:33','2010-12-31 12:59:33',1,'edit','Project','Project \"user project\" (108) updated by User \"1\" (1).',''),
	(234,'Demo','2010-12-31 12:59:57','2010-12-31 12:59:57',1,'edit','Project','Project \"Demo\" (1) updated by User \"1\" (1).',''),
	(235,'Demo2','2010-12-31 12:59:57','2010-12-31 12:59:57',1,'edit','Project','Project \"Demo2\" (2) updated by User \"1\" (1).',''),
	(236,'Demo3','2010-12-31 12:59:57','2010-12-31 12:59:57',1,'edit','Project','Project \"Demo3\" (11) updated by User \"1\" (1).',''),
	(237,'Awesome','2010-12-31 12:59:57','2010-12-31 12:59:57',1,'edit','Project','Project \"Awesome\" (99) updated by User \"1\" (1).',''),
	(238,'UserProject','2010-12-31 12:59:57','2010-12-31 12:59:57',1,'edit','Project','Project \"UserProject\" (97) updated by User \"1\" (1).',''),
	(239,'Duh','2010-12-31 12:59:57','2010-12-31 12:59:57',1,'edit','Project','Project \"Duh\" (98) updated by User \"1\" (1).',''),
	(240,'Log Test Project','2010-12-31 12:59:57','2010-12-31 12:59:57',1,'edit','Project','Project \"Log Test Project\" (102) updated by User \"1\" (1).',''),
	(241,'LogTest 2','2010-12-31 12:59:57','2010-12-31 12:59:57',1,'edit','Project','Project \"LogTest 2\" (103) updated by User \"1\" (1).',''),
	(242,'testtrav projeca','2010-12-31 12:59:57','2010-12-31 12:59:57',1,'edit','Project','Project \"testtrav projeca\" (104) updated by User \"1\" (1).',''),
	(243,'test','2010-12-31 12:59:57','2010-12-31 12:59:57',1,'edit','Project','Project \"test\" (105) updated by User \"1\" (1).',''),
	(244,'Project','2010-12-31 12:59:57','2010-12-31 12:59:57',1,'edit','Project','Project \"Project\" (106) updated by User \"1\" (1).',''),
	(245,'Logtest','2010-12-31 12:59:57','2010-12-31 12:59:57',1,'edit','Project','Project \"Logtest\" (107) updated by User \"1\" (1).',''),
	(246,'user project','2010-12-31 12:59:57','2010-12-31 12:59:57',1,'edit','Project','Project \"user project\" (108) updated by User \"1\" (1).',''),
	(247,'Demo','2010-12-31 13:17:51','2010-12-31 13:17:51',1,'edit','Project','Project \"Demo\" (1) updated by User \"1\" (1).',''),
	(248,'Demo2','2010-12-31 13:17:51','2010-12-31 13:17:51',1,'edit','Project','Project \"Demo2\" (2) updated by User \"1\" (1).',''),
	(249,'Demo3','2010-12-31 13:17:51','2010-12-31 13:17:51',1,'edit','Project','Project \"Demo3\" (11) updated by User \"1\" (1).',''),
	(250,'Awesome','2010-12-31 13:17:51','2010-12-31 13:17:51',1,'edit','Project','Project \"Awesome\" (99) updated by User \"1\" (1).',''),
	(251,'UserProject','2010-12-31 13:17:51','2010-12-31 13:17:51',1,'edit','Project','Project \"UserProject\" (97) updated by User \"1\" (1).',''),
	(252,'Duh','2010-12-31 13:17:51','2010-12-31 13:17:51',1,'edit','Project','Project \"Duh\" (98) updated by User \"1\" (1).',''),
	(253,'Log Test Project','2010-12-31 13:17:51','2010-12-31 13:17:51',1,'edit','Project','Project \"Log Test Project\" (102) updated by User \"1\" (1).',''),
	(254,'LogTest 2','2010-12-31 13:17:51','2010-12-31 13:17:51',1,'edit','Project','Project \"LogTest 2\" (103) updated by User \"1\" (1).',''),
	(255,'testtrav projeca','2010-12-31 13:17:51','2010-12-31 13:17:51',1,'edit','Project','Project \"testtrav projeca\" (104) updated by User \"1\" (1).',''),
	(256,'test','2010-12-31 13:17:51','2010-12-31 13:17:51',1,'edit','Project','Project \"test\" (105) updated by User \"1\" (1).',''),
	(257,'Project','2010-12-31 13:17:51','2010-12-31 13:17:51',1,'edit','Project','Project \"Project\" (106) updated by User \"1\" (1).',''),
	(258,'Logtest','2010-12-31 13:17:51','2010-12-31 13:17:51',1,'edit','Project','Project \"Logtest\" (107) updated by User \"1\" (1).',''),
	(259,'user project','2010-12-31 13:17:51','2010-12-31 13:17:51',1,'edit','Project','Project \"user project\" (108) updated by User \"1\" (1).',''),
	(260,'Demo','2010-12-31 13:17:55','2010-12-31 13:17:55',1,'edit','Project','Project \"Demo\" (1) updated by User \"1\" (1).',''),
	(261,'Demo','2010-12-31 13:18:05','2010-12-31 13:18:05',1,'edit','Project','Project \"Demo\" (1) updated by User \"1\" (1).',''),
	(262,'Demo2','2010-12-31 13:18:05','2010-12-31 13:18:05',1,'edit','Project','Project \"Demo2\" (2) updated by User \"1\" (1).',''),
	(263,'Demo3','2010-12-31 13:18:05','2010-12-31 13:18:05',1,'edit','Project','Project \"Demo3\" (11) updated by User \"1\" (1).',''),
	(264,'Awesome','2010-12-31 13:18:05','2010-12-31 13:18:05',1,'edit','Project','Project \"Awesome\" (99) updated by User \"1\" (1).',''),
	(265,'UserProject','2010-12-31 13:18:05','2010-12-31 13:18:05',1,'edit','Project','Project \"UserProject\" (97) updated by User \"1\" (1).',''),
	(266,'Duh','2010-12-31 13:18:05','2010-12-31 13:18:05',1,'edit','Project','Project \"Duh\" (98) updated by User \"1\" (1).',''),
	(267,'Log Test Project','2010-12-31 13:18:05','2010-12-31 13:18:05',1,'edit','Project','Project \"Log Test Project\" (102) updated by User \"1\" (1).',''),
	(268,'LogTest 2','2010-12-31 13:18:05','2010-12-31 13:18:05',1,'edit','Project','Project \"LogTest 2\" (103) updated by User \"1\" (1).',''),
	(269,'testtrav projeca','2010-12-31 13:18:05','2010-12-31 13:18:05',1,'edit','Project','Project \"testtrav projeca\" (104) updated by User \"1\" (1).',''),
	(270,'test','2010-12-31 13:18:05','2010-12-31 13:18:05',1,'edit','Project','Project \"test\" (105) updated by User \"1\" (1).',''),
	(271,'Project','2010-12-31 13:18:05','2010-12-31 13:18:05',1,'edit','Project','Project \"Project\" (106) updated by User \"1\" (1).',''),
	(272,'Logtest','2010-12-31 13:18:05','2010-12-31 13:18:05',1,'edit','Project','Project \"Logtest\" (107) updated by User \"1\" (1).',''),
	(273,'user project','2010-12-31 13:18:05','2010-12-31 13:18:05',1,'edit','Project','Project \"user project\" (108) updated by User \"1\" (1).',''),
	(274,'Demo','2010-12-31 13:30:15','2010-12-31 13:30:15',1,'edit','Project','Project \"Demo\" (1) updated by User \"1\" (1).',''),
	(275,'Demo2','2010-12-31 13:30:15','2010-12-31 13:30:15',1,'edit','Project','Project \"Demo2\" (2) updated by User \"1\" (1).',''),
	(276,'Demo3','2010-12-31 13:30:15','2010-12-31 13:30:15',1,'edit','Project','Project \"Demo3\" (11) updated by User \"1\" (1).',''),
	(277,'Awesome','2010-12-31 13:30:15','2010-12-31 13:30:15',1,'edit','Project','Project \"Awesome\" (99) updated by User \"1\" (1).',''),
	(278,'UserProject','2010-12-31 13:30:15','2010-12-31 13:30:15',1,'edit','Project','Project \"UserProject\" (97) updated by User \"1\" (1).',''),
	(279,'Duh','2010-12-31 13:30:15','2010-12-31 13:30:15',1,'edit','Project','Project \"Duh\" (98) updated by User \"1\" (1).',''),
	(280,'Log Test Project','2010-12-31 13:30:15','2010-12-31 13:30:15',1,'edit','Project','Project \"Log Test Project\" (102) updated by User \"1\" (1).',''),
	(281,'LogTest 2','2010-12-31 13:30:15','2010-12-31 13:30:15',1,'edit','Project','Project \"LogTest 2\" (103) updated by User \"1\" (1).',''),
	(282,'testtrav projeca','2010-12-31 13:30:15','2010-12-31 13:30:15',1,'edit','Project','Project \"testtrav projeca\" (104) updated by User \"1\" (1).',''),
	(283,'test','2010-12-31 13:30:15','2010-12-31 13:30:15',1,'edit','Project','Project \"test\" (105) updated by User \"1\" (1).',''),
	(284,'Project','2010-12-31 13:30:15','2010-12-31 13:30:15',1,'edit','Project','Project \"Project\" (106) updated by User \"1\" (1).',''),
	(285,'Logtest','2010-12-31 13:30:15','2010-12-31 13:30:15',1,'edit','Project','Project \"Logtest\" (107) updated by User \"1\" (1).',''),
	(286,'user project','2010-12-31 13:30:15','2010-12-31 13:30:15',1,'edit','Project','Project \"user project\" (108) updated by User \"1\" (1).',''),
	(287,'Demo','2010-12-31 13:30:20','2010-12-31 13:30:20',1,'edit','Project','Project \"Demo\" (1) updated by User \"1\" (1).',''),
	(288,'Demo','2010-12-31 13:39:34','2010-12-31 13:39:34',1,'edit','Project','Project \"Demo\" (1) updated by User \"1\" (1).',''),
	(289,'Demo','2010-12-31 13:44:32','2010-12-31 13:44:32',1,'edit','Project','Project \"Demo\" (1) updated by User \"1\" (1).',''),
	(290,'Demo','2010-12-31 13:45:26','2010-12-31 13:45:26',1,'edit','Project','Project \"Demo\" (1) updated by User \"1\" (1).',''),
	(291,'Demo','2010-12-31 13:47:23','2010-12-31 13:47:23',1,'edit','Project','Project \"Demo\" (1) updated by User \"1\" (1).',''),
	(292,'Demo','2010-12-31 13:48:36','2010-12-31 13:48:36',1,'edit','Project','Project \"Demo\" (1) updated by User \"1\" (1).',''),
	(293,'Demo','2010-12-31 13:49:12','2010-12-31 13:49:12',1,'edit','Project','Project \"Demo\" (1) updated by User \"1\" (1).',''),
	(294,'Demo','2010-12-31 13:51:12','2010-12-31 13:51:12',1,'edit','Project','Project \"Demo\" (1) updated by User \"1\" (1).',''),
	(295,'Demo','2010-12-31 14:05:48','2010-12-31 14:05:48',1,'edit','Project','Project \"Demo\" (1) updated by User \"1\" (1).',''),
	(296,'Demo2','2010-12-31 14:05:48','2010-12-31 14:05:48',1,'edit','Project','Project \"Demo2\" (2) updated by User \"1\" (1).',''),
	(297,'Demo3','2010-12-31 14:05:48','2010-12-31 14:05:48',1,'edit','Project','Project \"Demo3\" (11) updated by User \"1\" (1).',''),
	(298,'Awesome','2010-12-31 14:05:48','2010-12-31 14:05:48',1,'edit','Project','Project \"Awesome\" (99) updated by User \"1\" (1).',''),
	(299,'UserProject','2010-12-31 14:05:48','2010-12-31 14:05:48',1,'edit','Project','Project \"UserProject\" (97) updated by User \"1\" (1).',''),
	(300,'Duh','2010-12-31 14:05:48','2010-12-31 14:05:48',1,'edit','Project','Project \"Duh\" (98) updated by User \"1\" (1).',''),
	(301,'Log Test Project','2010-12-31 14:05:48','2010-12-31 14:05:48',1,'edit','Project','Project \"Log Test Project\" (102) updated by User \"1\" (1).',''),
	(302,'LogTest 2','2010-12-31 14:05:48','2010-12-31 14:05:48',1,'edit','Project','Project \"LogTest 2\" (103) updated by User \"1\" (1).',''),
	(303,'testtrav projeca','2010-12-31 14:05:48','2010-12-31 14:05:48',1,'edit','Project','Project \"testtrav projeca\" (104) updated by User \"1\" (1).',''),
	(304,'test','2010-12-31 14:05:48','2010-12-31 14:05:48',1,'edit','Project','Project \"test\" (105) updated by User \"1\" (1).',''),
	(305,'Project','2010-12-31 14:05:48','2010-12-31 14:05:48',1,'edit','Project','Project \"Project\" (106) updated by User \"1\" (1).',''),
	(306,'Logtest','2010-12-31 14:05:48','2010-12-31 14:05:48',1,'edit','Project','Project \"Logtest\" (107) updated by User \"1\" (1).',''),
	(307,'user project','2010-12-31 14:05:49','2010-12-31 14:05:49',1,'edit','Project','Project \"user project\" (108) updated by User \"1\" (1).',''),
	(308,'Demo','2010-12-31 14:07:23','2010-12-31 14:07:23',1,'edit','Project','Project \"Demo\" (1) updated by User \"1\" (1).',''),
	(309,'Demo2','2010-12-31 14:07:23','2010-12-31 14:07:23',1,'edit','Project','Project \"Demo2\" (2) updated by User \"1\" (1).',''),
	(310,'Demo3','2010-12-31 14:07:23','2010-12-31 14:07:23',1,'edit','Project','Project \"Demo3\" (11) updated by User \"1\" (1).',''),
	(311,'Awesome','2010-12-31 14:07:23','2010-12-31 14:07:23',1,'edit','Project','Project \"Awesome\" (99) updated by User \"1\" (1).',''),
	(312,'UserProject','2010-12-31 14:07:23','2010-12-31 14:07:23',1,'edit','Project','Project \"UserProject\" (97) updated by User \"1\" (1).',''),
	(313,'Duh','2010-12-31 14:07:23','2010-12-31 14:07:23',1,'edit','Project','Project \"Duh\" (98) updated by User \"1\" (1).',''),
	(314,'Log Test Project','2010-12-31 14:07:23','2010-12-31 14:07:23',1,'edit','Project','Project \"Log Test Project\" (102) updated by User \"1\" (1).',''),
	(315,'LogTest 2','2010-12-31 14:07:23','2010-12-31 14:07:23',1,'edit','Project','Project \"LogTest 2\" (103) updated by User \"1\" (1).',''),
	(316,'testtrav projeca','2010-12-31 14:07:23','2010-12-31 14:07:23',1,'edit','Project','Project \"testtrav projeca\" (104) updated by User \"1\" (1).',''),
	(317,'test','2010-12-31 14:07:23','2010-12-31 14:07:23',1,'edit','Project','Project \"test\" (105) updated by User \"1\" (1).',''),
	(318,'Project','2010-12-31 14:07:23','2010-12-31 14:07:23',1,'edit','Project','Project \"Project\" (106) updated by User \"1\" (1).',''),
	(319,'Logtest','2010-12-31 14:07:23','2010-12-31 14:07:23',1,'edit','Project','Project \"Logtest\" (107) updated by User \"1\" (1).',''),
	(320,'user project','2010-12-31 14:07:23','2010-12-31 14:07:23',1,'edit','Project','Project \"user project\" (108) updated by User \"1\" (1).',''),
	(321,'Demo','2010-12-31 14:07:41','2010-12-31 14:07:41',1,'edit','Project','Project \"Demo\" (1) updated by User \"1\" (1).',''),
	(322,'Demo2','2010-12-31 14:07:41','2010-12-31 14:07:41',1,'edit','Project','Project \"Demo2\" (2) updated by User \"1\" (1).',''),
	(323,'Demo3','2010-12-31 14:07:41','2010-12-31 14:07:41',1,'edit','Project','Project \"Demo3\" (11) updated by User \"1\" (1).',''),
	(324,'Awesome','2010-12-31 14:07:41','2010-12-31 14:07:41',1,'edit','Project','Project \"Awesome\" (99) updated by User \"1\" (1).',''),
	(325,'UserProject','2010-12-31 14:07:41','2010-12-31 14:07:41',1,'edit','Project','Project \"UserProject\" (97) updated by User \"1\" (1).',''),
	(326,'Duh','2010-12-31 14:07:41','2010-12-31 14:07:41',1,'edit','Project','Project \"Duh\" (98) updated by User \"1\" (1).',''),
	(327,'Log Test Project','2010-12-31 14:07:41','2010-12-31 14:07:41',1,'edit','Project','Project \"Log Test Project\" (102) updated by User \"1\" (1).',''),
	(328,'LogTest 2','2010-12-31 14:07:41','2010-12-31 14:07:41',1,'edit','Project','Project \"LogTest 2\" (103) updated by User \"1\" (1).',''),
	(329,'testtrav projeca','2010-12-31 14:07:41','2010-12-31 14:07:41',1,'edit','Project','Project \"testtrav projeca\" (104) updated by User \"1\" (1).',''),
	(330,'test','2010-12-31 14:07:41','2010-12-31 14:07:41',1,'edit','Project','Project \"test\" (105) updated by User \"1\" (1).',''),
	(331,'Project','2010-12-31 14:07:41','2010-12-31 14:07:41',1,'edit','Project','Project \"Project\" (106) updated by User \"1\" (1).',''),
	(332,'Logtest','2010-12-31 14:07:41','2010-12-31 14:07:41',1,'edit','Project','Project \"Logtest\" (107) updated by User \"1\" (1).',''),
	(333,'user project','2010-12-31 14:07:41','2010-12-31 14:07:41',1,'edit','Project','Project \"user project\" (108) updated by User \"1\" (1).',''),
	(334,'New Timer','2010-12-31 14:14:02','2010-12-31 14:14:02',1,'edit','Timer','Timer \"New Timer\" (8) updated by User \"1\" (1).','project_id (1) => (2), time (00:10:20) => (00:10:33)'),
	(335,'Demo','2010-12-31 14:14:06','2010-12-31 14:14:06',1,'edit','Project','Project \"Demo\" (1) updated by User \"1\" (1).','total_time (01:37:58) => (01:27:38)'),
	(336,'Demo2','2010-12-31 14:14:06','2010-12-31 14:14:06',1,'edit','Project','Project \"Demo2\" (2) updated by User \"1\" (1).','total_time (00:03:48) => (00:14:21)'),
	(337,'Demo3','2010-12-31 14:14:06','2010-12-31 14:14:06',1,'edit','Project','Project \"Demo3\" (11) updated by User \"1\" (1).',''),
	(338,'Awesome','2010-12-31 14:14:06','2010-12-31 14:14:06',1,'edit','Project','Project \"Awesome\" (99) updated by User \"1\" (1).',''),
	(339,'UserProject','2010-12-31 14:14:06','2010-12-31 14:14:06',1,'edit','Project','Project \"UserProject\" (97) updated by User \"1\" (1).',''),
	(340,'Duh','2010-12-31 14:14:06','2010-12-31 14:14:06',1,'edit','Project','Project \"Duh\" (98) updated by User \"1\" (1).',''),
	(341,'Log Test Project','2010-12-31 14:14:06','2010-12-31 14:14:06',1,'edit','Project','Project \"Log Test Project\" (102) updated by User \"1\" (1).',''),
	(342,'LogTest 2','2010-12-31 14:14:06','2010-12-31 14:14:06',1,'edit','Project','Project \"LogTest 2\" (103) updated by User \"1\" (1).',''),
	(343,'testtrav projeca','2010-12-31 14:14:06','2010-12-31 14:14:06',1,'edit','Project','Project \"testtrav projeca\" (104) updated by User \"1\" (1).',''),
	(344,'test','2010-12-31 14:14:06','2010-12-31 14:14:06',1,'edit','Project','Project \"test\" (105) updated by User \"1\" (1).',''),
	(345,'Project','2010-12-31 14:14:06','2010-12-31 14:14:06',1,'edit','Project','Project \"Project\" (106) updated by User \"1\" (1).',''),
	(346,'Logtest','2010-12-31 14:14:06','2010-12-31 14:14:06',1,'edit','Project','Project \"Logtest\" (107) updated by User \"1\" (1).',''),
	(347,'user project','2010-12-31 14:14:06','2010-12-31 14:14:06',1,'edit','Project','Project \"user project\" (108) updated by User \"1\" (1).',''),
	(348,'Demo2','2010-12-31 14:14:14','2010-12-31 14:14:14',1,'edit','Project','Project \"Demo2\" (2) updated by User \"1\" (1).',''),
	(349,'New Timer','2010-12-31 14:14:33','2010-12-31 14:14:33',1,'edit','Timer','Timer \"New Timer\" (8) updated by User \"1\" (1).','project_id (2) => (1)'),
	(350,'Demo','2010-12-31 14:14:37','2010-12-31 14:14:37',1,'edit','Project','Project \"Demo\" (1) updated by User \"1\" (1).','total_time (01:27:38) => (01:38:11)'),
	(351,'Demo2','2010-12-31 14:14:37','2010-12-31 14:14:37',1,'edit','Project','Project \"Demo2\" (2) updated by User \"1\" (1).','total_time (00:14:21) => (00:03:48)'),
	(352,'Demo3','2010-12-31 14:14:37','2010-12-31 14:14:37',1,'edit','Project','Project \"Demo3\" (11) updated by User \"1\" (1).',''),
	(353,'Awesome','2010-12-31 14:14:37','2010-12-31 14:14:37',1,'edit','Project','Project \"Awesome\" (99) updated by User \"1\" (1).',''),
	(354,'UserProject','2010-12-31 14:14:37','2010-12-31 14:14:37',1,'edit','Project','Project \"UserProject\" (97) updated by User \"1\" (1).',''),
	(355,'Duh','2010-12-31 14:14:37','2010-12-31 14:14:37',1,'edit','Project','Project \"Duh\" (98) updated by User \"1\" (1).',''),
	(356,'Log Test Project','2010-12-31 14:14:37','2010-12-31 14:14:37',1,'edit','Project','Project \"Log Test Project\" (102) updated by User \"1\" (1).',''),
	(357,'LogTest 2','2010-12-31 14:14:37','2010-12-31 14:14:37',1,'edit','Project','Project \"LogTest 2\" (103) updated by User \"1\" (1).',''),
	(358,'testtrav projeca','2010-12-31 14:14:37','2010-12-31 14:14:37',1,'edit','Project','Project \"testtrav projeca\" (104) updated by User \"1\" (1).',''),
	(359,'test','2010-12-31 14:14:37','2010-12-31 14:14:37',1,'edit','Project','Project \"test\" (105) updated by User \"1\" (1).',''),
	(360,'Project','2010-12-31 14:14:37','2010-12-31 14:14:37',1,'edit','Project','Project \"Project\" (106) updated by User \"1\" (1).',''),
	(361,'Logtest','2010-12-31 14:14:37','2010-12-31 14:14:37',1,'edit','Project','Project \"Logtest\" (107) updated by User \"1\" (1).',''),
	(362,'user project','2010-12-31 14:14:37','2010-12-31 14:14:37',1,'edit','Project','Project \"user project\" (108) updated by User \"1\" (1).',''),
	(363,'Demo','2010-12-31 14:14:47','2010-12-31 14:14:47',1,'edit','Project','Project \"Demo\" (1) updated by User \"1\" (1).',''),
	(364,'Demo','2010-12-31 14:15:36','2010-12-31 14:15:36',1,'edit','Project','Project \"Demo\" (1) updated by User \"1\" (1).',''),
	(365,'Demo2','2010-12-31 14:15:36','2010-12-31 14:15:36',1,'edit','Project','Project \"Demo2\" (2) updated by User \"1\" (1).',''),
	(366,'Demo3','2010-12-31 14:15:36','2010-12-31 14:15:36',1,'edit','Project','Project \"Demo3\" (11) updated by User \"1\" (1).',''),
	(367,'Awesome','2010-12-31 14:15:36','2010-12-31 14:15:36',1,'edit','Project','Project \"Awesome\" (99) updated by User \"1\" (1).',''),
	(368,'UserProject','2010-12-31 14:15:36','2010-12-31 14:15:36',1,'edit','Project','Project \"UserProject\" (97) updated by User \"1\" (1).',''),
	(369,'Duh','2010-12-31 14:15:36','2010-12-31 14:15:36',1,'edit','Project','Project \"Duh\" (98) updated by User \"1\" (1).',''),
	(370,'Log Test Project','2010-12-31 14:15:36','2010-12-31 14:15:36',1,'edit','Project','Project \"Log Test Project\" (102) updated by User \"1\" (1).',''),
	(371,'LogTest 2','2010-12-31 14:15:37','2010-12-31 14:15:37',1,'edit','Project','Project \"LogTest 2\" (103) updated by User \"1\" (1).',''),
	(372,'testtrav projeca','2010-12-31 14:15:37','2010-12-31 14:15:37',1,'edit','Project','Project \"testtrav projeca\" (104) updated by User \"1\" (1).',''),
	(373,'test','2010-12-31 14:15:37','2010-12-31 14:15:37',1,'edit','Project','Project \"test\" (105) updated by User \"1\" (1).',''),
	(374,'Project','2010-12-31 14:15:37','2010-12-31 14:15:37',1,'edit','Project','Project \"Project\" (106) updated by User \"1\" (1).',''),
	(375,'Logtest','2010-12-31 14:15:37','2010-12-31 14:15:37',1,'edit','Project','Project \"Logtest\" (107) updated by User \"1\" (1).',''),
	(376,'user project','2010-12-31 14:15:37','2010-12-31 14:15:37',1,'edit','Project','Project \"user project\" (108) updated by User \"1\" (1).',''),
	(377,'Demo','2010-12-31 14:16:52','2010-12-31 14:16:52',1,'edit','Project','Project \"Demo\" (1) updated by User \"1\" (1).',''),
	(378,'Demo2','2010-12-31 14:16:52','2010-12-31 14:16:52',1,'edit','Project','Project \"Demo2\" (2) updated by User \"1\" (1).',''),
	(379,'Demo3','2010-12-31 14:16:52','2010-12-31 14:16:52',1,'edit','Project','Project \"Demo3\" (11) updated by User \"1\" (1).',''),
	(380,'Awesome','2010-12-31 14:16:52','2010-12-31 14:16:52',1,'edit','Project','Project \"Awesome\" (99) updated by User \"1\" (1).',''),
	(381,'UserProject','2010-12-31 14:16:52','2010-12-31 14:16:52',1,'edit','Project','Project \"UserProject\" (97) updated by User \"1\" (1).',''),
	(382,'Duh','2010-12-31 14:16:52','2010-12-31 14:16:52',1,'edit','Project','Project \"Duh\" (98) updated by User \"1\" (1).',''),
	(383,'Log Test Project','2010-12-31 14:16:52','2010-12-31 14:16:52',1,'edit','Project','Project \"Log Test Project\" (102) updated by User \"1\" (1).',''),
	(384,'LogTest 2','2010-12-31 14:16:52','2010-12-31 14:16:52',1,'edit','Project','Project \"LogTest 2\" (103) updated by User \"1\" (1).',''),
	(385,'testtrav projeca','2010-12-31 14:16:53','2010-12-31 14:16:53',1,'edit','Project','Project \"testtrav projeca\" (104) updated by User \"1\" (1).',''),
	(386,'test','2010-12-31 14:16:53','2010-12-31 14:16:53',1,'edit','Project','Project \"test\" (105) updated by User \"1\" (1).',''),
	(387,'Project','2010-12-31 14:16:53','2010-12-31 14:16:53',1,'edit','Project','Project \"Project\" (106) updated by User \"1\" (1).',''),
	(388,'Logtest','2010-12-31 14:16:53','2010-12-31 14:16:53',1,'edit','Project','Project \"Logtest\" (107) updated by User \"1\" (1).',''),
	(389,'user project','2010-12-31 14:16:53','2010-12-31 14:16:53',1,'edit','Project','Project \"user project\" (108) updated by User \"1\" (1).',''),
	(390,'Demo','2010-12-31 14:17:00','2010-12-31 14:17:00',1,'edit','Project','Project \"Demo\" (1) updated by User \"1\" (1).',''),
	(391,'Demo2','2010-12-31 14:17:00','2010-12-31 14:17:00',1,'edit','Project','Project \"Demo2\" (2) updated by User \"1\" (1).',''),
	(392,'Demo3','2010-12-31 14:17:00','2010-12-31 14:17:00',1,'edit','Project','Project \"Demo3\" (11) updated by User \"1\" (1).',''),
	(393,'Awesome','2010-12-31 14:17:00','2010-12-31 14:17:00',1,'edit','Project','Project \"Awesome\" (99) updated by User \"1\" (1).',''),
	(394,'UserProject','2010-12-31 14:17:00','2010-12-31 14:17:00',1,'edit','Project','Project \"UserProject\" (97) updated by User \"1\" (1).',''),
	(395,'Duh','2010-12-31 14:17:01','2010-12-31 14:17:01',1,'edit','Project','Project \"Duh\" (98) updated by User \"1\" (1).',''),
	(396,'Log Test Project','2010-12-31 14:17:01','2010-12-31 14:17:01',1,'edit','Project','Project \"Log Test Project\" (102) updated by User \"1\" (1).',''),
	(397,'LogTest 2','2010-12-31 14:17:01','2010-12-31 14:17:01',1,'edit','Project','Project \"LogTest 2\" (103) updated by User \"1\" (1).',''),
	(398,'testtrav projeca','2010-12-31 14:17:01','2010-12-31 14:17:01',1,'edit','Project','Project \"testtrav projeca\" (104) updated by User \"1\" (1).',''),
	(399,'test','2010-12-31 14:17:01','2010-12-31 14:17:01',1,'edit','Project','Project \"test\" (105) updated by User \"1\" (1).',''),
	(400,'Project','2010-12-31 14:17:01','2010-12-31 14:17:01',1,'edit','Project','Project \"Project\" (106) updated by User \"1\" (1).',''),
	(401,'Logtest','2010-12-31 14:17:01','2010-12-31 14:17:01',1,'edit','Project','Project \"Logtest\" (107) updated by User \"1\" (1).',''),
	(402,'user project','2010-12-31 14:17:01','2010-12-31 14:17:01',1,'edit','Project','Project \"user project\" (108) updated by User \"1\" (1).',''),
	(403,'Demo','2010-12-31 14:29:50','2010-12-31 14:29:50',1,'edit','Project','Project \"Demo\" (1) updated by User \"1\" (1).',''),
	(404,'Demo2','2010-12-31 14:29:50','2010-12-31 14:29:50',1,'edit','Project','Project \"Demo2\" (2) updated by User \"1\" (1).',''),
	(405,'Demo3','2010-12-31 14:29:50','2010-12-31 14:29:50',1,'edit','Project','Project \"Demo3\" (11) updated by User \"1\" (1).',''),
	(406,'Awesome','2010-12-31 14:29:50','2010-12-31 14:29:50',1,'edit','Project','Project \"Awesome\" (99) updated by User \"1\" (1).',''),
	(407,'UserProject','2010-12-31 14:29:50','2010-12-31 14:29:50',1,'edit','Project','Project \"UserProject\" (97) updated by User \"1\" (1).',''),
	(408,'Duh','2010-12-31 14:29:50','2010-12-31 14:29:50',1,'edit','Project','Project \"Duh\" (98) updated by User \"1\" (1).',''),
	(409,'Log Test Project','2010-12-31 14:29:50','2010-12-31 14:29:50',1,'edit','Project','Project \"Log Test Project\" (102) updated by User \"1\" (1).',''),
	(410,'LogTest 2','2010-12-31 14:29:50','2010-12-31 14:29:50',1,'edit','Project','Project \"LogTest 2\" (103) updated by User \"1\" (1).',''),
	(411,'testtrav projeca','2010-12-31 14:29:50','2010-12-31 14:29:50',1,'edit','Project','Project \"testtrav projeca\" (104) updated by User \"1\" (1).',''),
	(412,'test','2010-12-31 14:29:50','2010-12-31 14:29:50',1,'edit','Project','Project \"test\" (105) updated by User \"1\" (1).',''),
	(413,'Project','2010-12-31 14:29:50','2010-12-31 14:29:50',1,'edit','Project','Project \"Project\" (106) updated by User \"1\" (1).',''),
	(414,'Logtest','2010-12-31 14:29:50','2010-12-31 14:29:50',1,'edit','Project','Project \"Logtest\" (107) updated by User \"1\" (1).',''),
	(415,'user project','2010-12-31 14:29:50','2010-12-31 14:29:50',1,'edit','Project','Project \"user project\" (108) updated by User \"1\" (1).',''),
	(416,'Demo','2010-12-31 14:32:16','2010-12-31 14:32:16',1,'edit','Project','Project \"Demo\" (1) updated by User \"1\" (1).',''),
	(417,'Demo2','2010-12-31 14:32:16','2010-12-31 14:32:16',1,'edit','Project','Project \"Demo2\" (2) updated by User \"1\" (1).',''),
	(418,'Demo3','2010-12-31 14:32:16','2010-12-31 14:32:16',1,'edit','Project','Project \"Demo3\" (11) updated by User \"1\" (1).',''),
	(419,'Awesome','2010-12-31 14:32:16','2010-12-31 14:32:16',1,'edit','Project','Project \"Awesome\" (99) updated by User \"1\" (1).',''),
	(420,'UserProject','2010-12-31 14:32:16','2010-12-31 14:32:16',1,'edit','Project','Project \"UserProject\" (97) updated by User \"1\" (1).',''),
	(421,'Duh','2010-12-31 14:32:16','2010-12-31 14:32:16',1,'edit','Project','Project \"Duh\" (98) updated by User \"1\" (1).',''),
	(422,'Log Test Project','2010-12-31 14:32:16','2010-12-31 14:32:16',1,'edit','Project','Project \"Log Test Project\" (102) updated by User \"1\" (1).',''),
	(423,'LogTest 2','2010-12-31 14:32:16','2010-12-31 14:32:16',1,'edit','Project','Project \"LogTest 2\" (103) updated by User \"1\" (1).',''),
	(424,'testtrav projeca','2010-12-31 14:32:16','2010-12-31 14:32:16',1,'edit','Project','Project \"testtrav projeca\" (104) updated by User \"1\" (1).',''),
	(425,'test','2010-12-31 14:32:16','2010-12-31 14:32:16',1,'edit','Project','Project \"test\" (105) updated by User \"1\" (1).',''),
	(426,'Project','2010-12-31 14:32:16','2010-12-31 14:32:16',1,'edit','Project','Project \"Project\" (106) updated by User \"1\" (1).',''),
	(427,'Logtest','2010-12-31 14:32:16','2010-12-31 14:32:16',1,'edit','Project','Project \"Logtest\" (107) updated by User \"1\" (1).',''),
	(428,'user project','2010-12-31 14:32:16','2010-12-31 14:32:16',1,'edit','Project','Project \"user project\" (108) updated by User \"1\" (1).',''),
	(429,'Demo','2010-12-31 14:34:32','2010-12-31 14:34:32',1,'edit','Project','Project \"Demo\" (1) updated by User \"1\" (1).',''),
	(430,'Demo2','2010-12-31 14:34:32','2010-12-31 14:34:32',1,'edit','Project','Project \"Demo2\" (2) updated by User \"1\" (1).',''),
	(431,'Demo3','2010-12-31 14:34:33','2010-12-31 14:34:33',1,'edit','Project','Project \"Demo3\" (11) updated by User \"1\" (1).',''),
	(432,'Awesome','2010-12-31 14:34:33','2010-12-31 14:34:33',1,'edit','Project','Project \"Awesome\" (99) updated by User \"1\" (1).',''),
	(433,'UserProject','2010-12-31 14:34:33','2010-12-31 14:34:33',1,'edit','Project','Project \"UserProject\" (97) updated by User \"1\" (1).',''),
	(434,'Duh','2010-12-31 14:34:33','2010-12-31 14:34:33',1,'edit','Project','Project \"Duh\" (98) updated by User \"1\" (1).',''),
	(435,'Log Test Project','2010-12-31 14:34:33','2010-12-31 14:34:33',1,'edit','Project','Project \"Log Test Project\" (102) updated by User \"1\" (1).',''),
	(436,'LogTest 2','2010-12-31 14:34:33','2010-12-31 14:34:33',1,'edit','Project','Project \"LogTest 2\" (103) updated by User \"1\" (1).',''),
	(437,'testtrav projeca','2010-12-31 14:34:33','2010-12-31 14:34:33',1,'edit','Project','Project \"testtrav projeca\" (104) updated by User \"1\" (1).',''),
	(438,'test','2010-12-31 14:34:33','2010-12-31 14:34:33',1,'edit','Project','Project \"test\" (105) updated by User \"1\" (1).',''),
	(439,'Project','2010-12-31 14:34:33','2010-12-31 14:34:33',1,'edit','Project','Project \"Project\" (106) updated by User \"1\" (1).',''),
	(440,'Logtest','2010-12-31 14:34:33','2010-12-31 14:34:33',1,'edit','Project','Project \"Logtest\" (107) updated by User \"1\" (1).',''),
	(441,'user project','2010-12-31 14:34:33','2010-12-31 14:34:33',1,'edit','Project','Project \"user project\" (108) updated by User \"1\" (1).',''),
	(442,'Demo','2010-12-31 14:35:20','2010-12-31 14:35:20',1,'edit','Project','Project \"Demo\" (1) updated by User \"1\" (1).',''),
	(443,'Demo2','2010-12-31 14:35:20','2010-12-31 14:35:20',1,'edit','Project','Project \"Demo2\" (2) updated by User \"1\" (1).',''),
	(444,'Demo3','2010-12-31 14:35:20','2010-12-31 14:35:20',1,'edit','Project','Project \"Demo3\" (11) updated by User \"1\" (1).',''),
	(445,'Awesome','2010-12-31 14:35:20','2010-12-31 14:35:20',1,'edit','Project','Project \"Awesome\" (99) updated by User \"1\" (1).',''),
	(446,'UserProject','2010-12-31 14:35:20','2010-12-31 14:35:20',1,'edit','Project','Project \"UserProject\" (97) updated by User \"1\" (1).',''),
	(447,'Duh','2010-12-31 14:35:20','2010-12-31 14:35:20',1,'edit','Project','Project \"Duh\" (98) updated by User \"1\" (1).',''),
	(448,'Log Test Project','2010-12-31 14:35:20','2010-12-31 14:35:20',1,'edit','Project','Project \"Log Test Project\" (102) updated by User \"1\" (1).',''),
	(449,'LogTest 2','2010-12-31 14:35:20','2010-12-31 14:35:20',1,'edit','Project','Project \"LogTest 2\" (103) updated by User \"1\" (1).',''),
	(450,'testtrav projeca','2010-12-31 14:35:20','2010-12-31 14:35:20',1,'edit','Project','Project \"testtrav projeca\" (104) updated by User \"1\" (1).',''),
	(451,'test','2010-12-31 14:35:20','2010-12-31 14:35:20',1,'edit','Project','Project \"test\" (105) updated by User \"1\" (1).',''),
	(452,'Project','2010-12-31 14:35:20','2010-12-31 14:35:20',1,'edit','Project','Project \"Project\" (106) updated by User \"1\" (1).',''),
	(453,'Logtest','2010-12-31 14:35:20','2010-12-31 14:35:20',1,'edit','Project','Project \"Logtest\" (107) updated by User \"1\" (1).',''),
	(454,'user project','2010-12-31 14:35:21','2010-12-31 14:35:21',1,'edit','Project','Project \"user project\" (108) updated by User \"1\" (1).',''),
	(455,'Demo2','2010-12-31 14:35:25','2010-12-31 14:35:25',1,'delete','Project','Project \"Demo2\" (2) deleted by User \"1\" (1).',NULL),
	(456,'test','2010-12-31 14:35:25','2010-12-31 14:35:25',1,'delete','Timer','Timer \"test\" (2) deleted by User \"1\" (1).',NULL),
	(457,'Demo','2010-12-31 14:35:25','2010-12-31 14:35:25',1,'edit','Project','Project \"Demo\" (1) updated by User \"1\" (1).','total_time (01:38:11) => (01:38:03)'),
	(458,'Demo3','2010-12-31 14:35:25','2010-12-31 14:35:25',1,'edit','Project','Project \"Demo3\" (11) updated by User \"1\" (1).',''),
	(459,'Awesome','2010-12-31 14:35:25','2010-12-31 14:35:25',1,'edit','Project','Project \"Awesome\" (99) updated by User \"1\" (1).',''),
	(460,'UserProject','2010-12-31 14:35:25','2010-12-31 14:35:25',1,'edit','Project','Project \"UserProject\" (97) updated by User \"1\" (1).',''),
	(461,'Duh','2010-12-31 14:35:25','2010-12-31 14:35:25',1,'edit','Project','Project \"Duh\" (98) updated by User \"1\" (1).',''),
	(462,'Log Test Project','2010-12-31 14:35:25','2010-12-31 14:35:25',1,'edit','Project','Project \"Log Test Project\" (102) updated by User \"1\" (1).',''),
	(463,'LogTest 2','2010-12-31 14:35:25','2010-12-31 14:35:25',1,'edit','Project','Project \"LogTest 2\" (103) updated by User \"1\" (1).',''),
	(464,'testtrav projeca','2010-12-31 14:35:25','2010-12-31 14:35:25',1,'edit','Project','Project \"testtrav projeca\" (104) updated by User \"1\" (1).',''),
	(465,'test','2010-12-31 14:35:25','2010-12-31 14:35:25',1,'edit','Project','Project \"test\" (105) updated by User \"1\" (1).',''),
	(466,'Project','2010-12-31 14:35:25','2010-12-31 14:35:25',1,'edit','Project','Project \"Project\" (106) updated by User \"1\" (1).',''),
	(467,'Logtest','2010-12-31 14:35:25','2010-12-31 14:35:25',1,'edit','Project','Project \"Logtest\" (107) updated by User \"1\" (1).',''),
	(468,'user project','2010-12-31 14:35:25','2010-12-31 14:35:25',1,'edit','Project','Project \"user project\" (108) updated by User \"1\" (1).',''),
	(469,'Demo','2010-12-31 14:35:43','2010-12-31 14:35:43',1,'edit','Project','Project \"Demo\" (1) updated by User \"1\" (1).',''),
	(470,'Demo3','2010-12-31 14:35:43','2010-12-31 14:35:43',1,'edit','Project','Project \"Demo3\" (11) updated by User \"1\" (1).',''),
	(471,'Awesome','2010-12-31 14:35:43','2010-12-31 14:35:43',1,'edit','Project','Project \"Awesome\" (99) updated by User \"1\" (1).',''),
	(472,'UserProject','2010-12-31 14:35:43','2010-12-31 14:35:43',1,'edit','Project','Project \"UserProject\" (97) updated by User \"1\" (1).',''),
	(473,'Duh','2010-12-31 14:35:43','2010-12-31 14:35:43',1,'edit','Project','Project \"Duh\" (98) updated by User \"1\" (1).',''),
	(474,'Log Test Project','2010-12-31 14:35:43','2010-12-31 14:35:43',1,'edit','Project','Project \"Log Test Project\" (102) updated by User \"1\" (1).',''),
	(475,'LogTest 2','2010-12-31 14:35:43','2010-12-31 14:35:43',1,'edit','Project','Project \"LogTest 2\" (103) updated by User \"1\" (1).',''),
	(476,'testtrav projeca','2010-12-31 14:35:43','2010-12-31 14:35:43',1,'edit','Project','Project \"testtrav projeca\" (104) updated by User \"1\" (1).',''),
	(477,'test','2010-12-31 14:35:43','2010-12-31 14:35:43',1,'edit','Project','Project \"test\" (105) updated by User \"1\" (1).',''),
	(478,'Project','2010-12-31 14:35:43','2010-12-31 14:35:43',1,'edit','Project','Project \"Project\" (106) updated by User \"1\" (1).',''),
	(479,'Logtest','2010-12-31 14:35:43','2010-12-31 14:35:43',1,'edit','Project','Project \"Logtest\" (107) updated by User \"1\" (1).',''),
	(480,'user project','2010-12-31 14:35:43','2010-12-31 14:35:43',1,'edit','Project','Project \"user project\" (108) updated by User \"1\" (1).',''),
	(481,'Demo','2010-12-31 14:37:08','2010-12-31 14:37:08',1,'edit','Project','Project \"Demo\" (1) updated by User \"1\" (1).',''),
	(482,'Demo3','2010-12-31 14:37:08','2010-12-31 14:37:08',1,'edit','Project','Project \"Demo3\" (11) updated by User \"1\" (1).',''),
	(483,'Awesome','2010-12-31 14:37:08','2010-12-31 14:37:08',1,'edit','Project','Project \"Awesome\" (99) updated by User \"1\" (1).',''),
	(484,'UserProject','2010-12-31 14:37:08','2010-12-31 14:37:08',1,'edit','Project','Project \"UserProject\" (97) updated by User \"1\" (1).',''),
	(485,'Duh','2010-12-31 14:37:08','2010-12-31 14:37:08',1,'edit','Project','Project \"Duh\" (98) updated by User \"1\" (1).',''),
	(486,'Log Test Project','2010-12-31 14:37:08','2010-12-31 14:37:08',1,'edit','Project','Project \"Log Test Project\" (102) updated by User \"1\" (1).',''),
	(487,'LogTest 2','2010-12-31 14:37:08','2010-12-31 14:37:08',1,'edit','Project','Project \"LogTest 2\" (103) updated by User \"1\" (1).',''),
	(488,'testtrav projeca','2010-12-31 14:37:08','2010-12-31 14:37:08',1,'edit','Project','Project \"testtrav projeca\" (104) updated by User \"1\" (1).',''),
	(489,'test','2010-12-31 14:37:08','2010-12-31 14:37:08',1,'edit','Project','Project \"test\" (105) updated by User \"1\" (1).',''),
	(490,'Project','2010-12-31 14:37:09','2010-12-31 14:37:09',1,'edit','Project','Project \"Project\" (106) updated by User \"1\" (1).',''),
	(491,'Logtest','2010-12-31 14:37:09','2010-12-31 14:37:09',1,'edit','Project','Project \"Logtest\" (107) updated by User \"1\" (1).',''),
	(492,'user project','2010-12-31 14:37:09','2010-12-31 14:37:09',1,'edit','Project','Project \"user project\" (108) updated by User \"1\" (1).',''),
	(493,'Demo','2010-12-31 14:40:26','2010-12-31 14:40:26',1,'edit','Project','Project \"Demo\" (1) updated by User \"1\" (1).',''),
	(494,'t','2010-12-31 14:55:00','2010-12-31 14:55:00',1,'add','Timer','Timer \"t\" (24) added by User \"1\" (1).','project_id () => (11), title () => (t), time () => (00:00:02), user_id () => (1), description () => (t), created () => (2010-12-31 14:55:00)'),
	(495,'test','2010-12-31 14:55:16','2010-12-31 14:55:16',1,'add','Timer','Timer \"test\" (25) added by User \"1\" (1).','project_id () => (11), title () => (test), time () => (00:00:04), user_id () => (1), description () => (test), created () => (2010-12-31 14:55:16)'),
	(496,'test','2010-12-31 14:55:38','2010-12-31 14:55:38',1,'add','Timer','Timer \"test\" (26) added by User \"1\" (1).','project_id () => (11), title () => (test), time () => (00:00:09), user_id () => (1), description () => (test), created () => (2010-12-31 14:55:38)'),
	(497,'Demo','2010-12-31 14:55:40','2010-12-31 14:55:40',1,'edit','Project','Project \"Demo\" (1) updated by User \"1\" (1).',''),
	(498,'Demo3','2010-12-31 14:55:40','2010-12-31 14:55:40',1,'edit','Project','Project \"Demo3\" (11) updated by User \"1\" (1).','total_time (00:00:00) => (00:00:15)'),
	(499,'Awesome','2010-12-31 14:55:40','2010-12-31 14:55:40',1,'edit','Project','Project \"Awesome\" (99) updated by User \"1\" (1).',''),
	(500,'UserProject','2010-12-31 14:55:40','2010-12-31 14:55:40',1,'edit','Project','Project \"UserProject\" (97) updated by User \"1\" (1).',''),
	(501,'Duh','2010-12-31 14:55:40','2010-12-31 14:55:40',1,'edit','Project','Project \"Duh\" (98) updated by User \"1\" (1).',''),
	(502,'Log Test Project','2010-12-31 14:55:40','2010-12-31 14:55:40',1,'edit','Project','Project \"Log Test Project\" (102) updated by User \"1\" (1).',''),
	(503,'LogTest 2','2010-12-31 14:55:40','2010-12-31 14:55:40',1,'edit','Project','Project \"LogTest 2\" (103) updated by User \"1\" (1).',''),
	(504,'testtrav projeca','2010-12-31 14:55:40','2010-12-31 14:55:40',1,'edit','Project','Project \"testtrav projeca\" (104) updated by User \"1\" (1).',''),
	(505,'test','2010-12-31 14:55:40','2010-12-31 14:55:40',1,'edit','Project','Project \"test\" (105) updated by User \"1\" (1).',''),
	(506,'Project','2010-12-31 14:55:40','2010-12-31 14:55:40',1,'edit','Project','Project \"Project\" (106) updated by User \"1\" (1).',''),
	(507,'Logtest','2010-12-31 14:55:40','2010-12-31 14:55:40',1,'edit','Project','Project \"Logtest\" (107) updated by User \"1\" (1).',''),
	(508,'user project','2010-12-31 14:55:40','2010-12-31 14:55:40',1,'edit','Project','Project \"user project\" (108) updated by User \"1\" (1).',''),
	(509,'Demo3','2010-12-31 14:55:47','2010-12-31 14:55:47',1,'delete','Project','Project \"Demo3\" (11) deleted by User \"1\" (1).',NULL),
	(510,'blah','2010-12-31 14:55:47','2010-12-31 14:55:47',1,'delete','Timer','Timer \"blah\" (11) deleted by User \"1\" (1).',NULL),
	(511,'Demo','2010-12-31 14:55:47','2010-12-31 14:55:47',1,'edit','Project','Project \"Demo\" (1) updated by User \"1\" (1).',''),
	(512,'Awesome','2010-12-31 14:55:47','2010-12-31 14:55:47',1,'edit','Project','Project \"Awesome\" (99) updated by User \"1\" (1).',''),
	(513,'UserProject','2010-12-31 14:55:47','2010-12-31 14:55:47',1,'edit','Project','Project \"UserProject\" (97) updated by User \"1\" (1).',''),
	(514,'Duh','2010-12-31 14:55:47','2010-12-31 14:55:47',1,'edit','Project','Project \"Duh\" (98) updated by User \"1\" (1).',''),
	(515,'Log Test Project','2010-12-31 14:55:47','2010-12-31 14:55:47',1,'edit','Project','Project \"Log Test Project\" (102) updated by User \"1\" (1).',''),
	(516,'LogTest 2','2010-12-31 14:55:47','2010-12-31 14:55:47',1,'edit','Project','Project \"LogTest 2\" (103) updated by User \"1\" (1).',''),
	(517,'testtrav projeca','2010-12-31 14:55:47','2010-12-31 14:55:47',1,'edit','Project','Project \"testtrav projeca\" (104) updated by User \"1\" (1).',''),
	(518,'test','2010-12-31 14:55:47','2010-12-31 14:55:47',1,'edit','Project','Project \"test\" (105) updated by User \"1\" (1).',''),
	(519,'Project','2010-12-31 14:55:47','2010-12-31 14:55:47',1,'edit','Project','Project \"Project\" (106) updated by User \"1\" (1).',''),
	(520,'Logtest','2010-12-31 14:55:47','2010-12-31 14:55:47',1,'edit','Project','Project \"Logtest\" (107) updated by User \"1\" (1).',''),
	(521,'user project','2010-12-31 14:55:47','2010-12-31 14:55:47',1,'edit','Project','Project \"user project\" (108) updated by User \"1\" (1).',''),
	(522,'Demo','2010-12-31 14:56:03','2010-12-31 14:56:03',1,'edit','Project','Project \"Demo\" (1) updated by User \"1\" (1).',''),
	(523,'Awesome','2010-12-31 14:56:03','2010-12-31 14:56:03',1,'edit','Project','Project \"Awesome\" (99) updated by User \"1\" (1).',''),
	(524,'UserProject','2010-12-31 14:56:03','2010-12-31 14:56:03',1,'edit','Project','Project \"UserProject\" (97) updated by User \"1\" (1).',''),
	(525,'Duh','2010-12-31 14:56:03','2010-12-31 14:56:03',1,'edit','Project','Project \"Duh\" (98) updated by User \"1\" (1).',''),
	(526,'Log Test Project','2010-12-31 14:56:03','2010-12-31 14:56:03',1,'edit','Project','Project \"Log Test Project\" (102) updated by User \"1\" (1).',''),
	(527,'LogTest 2','2010-12-31 14:56:03','2010-12-31 14:56:03',1,'edit','Project','Project \"LogTest 2\" (103) updated by User \"1\" (1).',''),
	(528,'testtrav projeca','2010-12-31 14:56:03','2010-12-31 14:56:03',1,'edit','Project','Project \"testtrav projeca\" (104) updated by User \"1\" (1).',''),
	(529,'test','2010-12-31 14:56:03','2010-12-31 14:56:03',1,'edit','Project','Project \"test\" (105) updated by User \"1\" (1).',''),
	(530,'Project','2010-12-31 14:56:03','2010-12-31 14:56:03',1,'edit','Project','Project \"Project\" (106) updated by User \"1\" (1).',''),
	(531,'Logtest','2010-12-31 14:56:03','2010-12-31 14:56:03',1,'edit','Project','Project \"Logtest\" (107) updated by User \"1\" (1).',''),
	(532,'user project','2010-12-31 14:56:03','2010-12-31 14:56:03',1,'edit','Project','Project \"user project\" (108) updated by User \"1\" (1).',''),
	(533,'Demo','2010-12-31 15:06:35','2010-12-31 15:06:35',1,'edit','Project','Project \"Demo\" (1) updated by User \"1\" (1).',''),
	(534,'Awesome','2010-12-31 15:06:36','2010-12-31 15:06:36',1,'edit','Project','Project \"Awesome\" (99) updated by User \"1\" (1).',''),
	(535,'UserProject','2010-12-31 15:06:36','2010-12-31 15:06:36',1,'edit','Project','Project \"UserProject\" (97) updated by User \"1\" (1).',''),
	(536,'Duh','2010-12-31 15:06:36','2010-12-31 15:06:36',1,'edit','Project','Project \"Duh\" (98) updated by User \"1\" (1).',''),
	(537,'Log Test Project','2010-12-31 15:06:36','2010-12-31 15:06:36',1,'edit','Project','Project \"Log Test Project\" (102) updated by User \"1\" (1).',''),
	(538,'LogTest 2','2010-12-31 15:06:36','2010-12-31 15:06:36',1,'edit','Project','Project \"LogTest 2\" (103) updated by User \"1\" (1).',''),
	(539,'testtrav projeca','2010-12-31 15:06:36','2010-12-31 15:06:36',1,'edit','Project','Project \"testtrav projeca\" (104) updated by User \"1\" (1).',''),
	(540,'test','2010-12-31 15:06:36','2010-12-31 15:06:36',1,'edit','Project','Project \"test\" (105) updated by User \"1\" (1).',''),
	(541,'Project','2010-12-31 15:06:36','2010-12-31 15:06:36',1,'edit','Project','Project \"Project\" (106) updated by User \"1\" (1).',''),
	(542,'Logtest','2010-12-31 15:06:36','2010-12-31 15:06:36',1,'edit','Project','Project \"Logtest\" (107) updated by User \"1\" (1).',''),
	(543,'user project','2010-12-31 15:06:36','2010-12-31 15:06:36',1,'edit','Project','Project \"user project\" (108) updated by User \"1\" (1).',''),
	(544,'Demo','2010-12-31 15:10:33','2010-12-31 15:10:33',1,'edit','Project','Project \"Demo\" (1) updated by User \"1\" (1).',''),
	(545,'Awesome','2010-12-31 15:10:33','2010-12-31 15:10:33',1,'edit','Project','Project \"Awesome\" (99) updated by User \"1\" (1).',''),
	(546,'UserProject','2010-12-31 15:10:33','2010-12-31 15:10:33',1,'edit','Project','Project \"UserProject\" (97) updated by User \"1\" (1).',''),
	(547,'Duh','2010-12-31 15:10:33','2010-12-31 15:10:33',1,'edit','Project','Project \"Duh\" (98) updated by User \"1\" (1).',''),
	(548,'Log Test Project','2010-12-31 15:10:33','2010-12-31 15:10:33',1,'edit','Project','Project \"Log Test Project\" (102) updated by User \"1\" (1).',''),
	(549,'LogTest 2','2010-12-31 15:10:33','2010-12-31 15:10:33',1,'edit','Project','Project \"LogTest 2\" (103) updated by User \"1\" (1).',''),
	(550,'testtrav projeca','2010-12-31 15:10:33','2010-12-31 15:10:33',1,'edit','Project','Project \"testtrav projeca\" (104) updated by User \"1\" (1).',''),
	(551,'test','2010-12-31 15:10:33','2010-12-31 15:10:33',1,'edit','Project','Project \"test\" (105) updated by User \"1\" (1).',''),
	(552,'Project','2010-12-31 15:10:33','2010-12-31 15:10:33',1,'edit','Project','Project \"Project\" (106) updated by User \"1\" (1).',''),
	(553,'Logtest','2010-12-31 15:10:33','2010-12-31 15:10:33',1,'edit','Project','Project \"Logtest\" (107) updated by User \"1\" (1).',''),
	(554,'user project','2010-12-31 15:10:34','2010-12-31 15:10:34',1,'edit','Project','Project \"user project\" (108) updated by User \"1\" (1).',''),
	(555,'Demo','2010-12-31 15:57:50','2010-12-31 15:57:50',1,'edit','Project','Project \"Demo\" (1) updated by User \"1\" (1).',''),
	(556,'Awesome','2010-12-31 15:57:51','2010-12-31 15:57:51',1,'edit','Project','Project \"Awesome\" (99) updated by User \"1\" (1).',''),
	(557,'UserProject','2010-12-31 15:57:51','2010-12-31 15:57:51',1,'edit','Project','Project \"UserProject\" (97) updated by User \"1\" (1).',''),
	(558,'Duh','2010-12-31 15:57:51','2010-12-31 15:57:51',1,'edit','Project','Project \"Duh\" (98) updated by User \"1\" (1).',''),
	(559,'Log Test Project','2010-12-31 15:57:51','2010-12-31 15:57:51',1,'edit','Project','Project \"Log Test Project\" (102) updated by User \"1\" (1).',''),
	(560,'LogTest 2','2010-12-31 15:57:51','2010-12-31 15:57:51',1,'edit','Project','Project \"LogTest 2\" (103) updated by User \"1\" (1).',''),
	(561,'testtrav projeca','2010-12-31 15:57:51','2010-12-31 15:57:51',1,'edit','Project','Project \"testtrav projeca\" (104) updated by User \"1\" (1).',''),
	(562,'test','2010-12-31 15:57:51','2010-12-31 15:57:51',1,'edit','Project','Project \"test\" (105) updated by User \"1\" (1).',''),
	(563,'Project','2010-12-31 15:57:51','2010-12-31 15:57:51',1,'edit','Project','Project \"Project\" (106) updated by User \"1\" (1).',''),
	(564,'Logtest','2010-12-31 15:57:51','2010-12-31 15:57:51',1,'edit','Project','Project \"Logtest\" (107) updated by User \"1\" (1).',''),
	(565,'user project','2010-12-31 15:57:51','2010-12-31 15:57:51',1,'edit','Project','Project \"user project\" (108) updated by User \"1\" (1).',''),
	(566,'Demo','2010-12-31 16:14:14','2010-12-31 16:14:14',1,'edit','Project','Project \"Demo\" (1) updated by User \"1\" (1).',''),
	(567,'Awesome','2010-12-31 16:14:14','2010-12-31 16:14:14',1,'edit','Project','Project \"Awesome\" (99) updated by User \"1\" (1).',''),
	(568,'UserProject','2010-12-31 16:14:14','2010-12-31 16:14:14',1,'edit','Project','Project \"UserProject\" (97) updated by User \"1\" (1).',''),
	(569,'Duh','2010-12-31 16:14:14','2010-12-31 16:14:14',1,'edit','Project','Project \"Duh\" (98) updated by User \"1\" (1).',''),
	(570,'Log Test Project','2010-12-31 16:14:14','2010-12-31 16:14:14',1,'edit','Project','Project \"Log Test Project\" (102) updated by User \"1\" (1).',''),
	(571,'LogTest 2','2010-12-31 16:14:14','2010-12-31 16:14:14',1,'edit','Project','Project \"LogTest 2\" (103) updated by User \"1\" (1).',''),
	(572,'testtrav projeca','2010-12-31 16:14:14','2010-12-31 16:14:14',1,'edit','Project','Project \"testtrav projeca\" (104) updated by User \"1\" (1).',''),
	(573,'test','2010-12-31 16:14:14','2010-12-31 16:14:14',1,'edit','Project','Project \"test\" (105) updated by User \"1\" (1).',''),
	(574,'Project','2010-12-31 16:14:14','2010-12-31 16:14:14',1,'edit','Project','Project \"Project\" (106) updated by User \"1\" (1).',''),
	(575,'Logtest','2010-12-31 16:14:14','2010-12-31 16:14:14',1,'edit','Project','Project \"Logtest\" (107) updated by User \"1\" (1).',''),
	(576,'user project','2010-12-31 16:14:14','2010-12-31 16:14:14',1,'edit','Project','Project \"user project\" (108) updated by User \"1\" (1).',''),
	(577,'Demo','2010-12-31 16:15:32','2010-12-31 16:15:32',1,'edit','Project','Project \"Demo\" (1) updated by User \"1\" (1).',''),
	(578,'Awesome','2010-12-31 16:15:32','2010-12-31 16:15:32',1,'edit','Project','Project \"Awesome\" (99) updated by User \"1\" (1).',''),
	(579,'UserProject','2010-12-31 16:15:32','2010-12-31 16:15:32',1,'edit','Project','Project \"UserProject\" (97) updated by User \"1\" (1).',''),
	(580,'Duh','2010-12-31 16:15:32','2010-12-31 16:15:32',1,'edit','Project','Project \"Duh\" (98) updated by User \"1\" (1).',''),
	(581,'Log Test Project','2010-12-31 16:15:32','2010-12-31 16:15:32',1,'edit','Project','Project \"Log Test Project\" (102) updated by User \"1\" (1).',''),
	(582,'LogTest 2','2010-12-31 16:15:32','2010-12-31 16:15:32',1,'edit','Project','Project \"LogTest 2\" (103) updated by User \"1\" (1).',''),
	(583,'testtrav projeca','2010-12-31 16:15:32','2010-12-31 16:15:32',1,'edit','Project','Project \"testtrav projeca\" (104) updated by User \"1\" (1).',''),
	(584,'test','2010-12-31 16:15:32','2010-12-31 16:15:32',1,'edit','Project','Project \"test\" (105) updated by User \"1\" (1).',''),
	(585,'Project','2010-12-31 16:15:32','2010-12-31 16:15:32',1,'edit','Project','Project \"Project\" (106) updated by User \"1\" (1).',''),
	(586,'Logtest','2010-12-31 16:15:32','2010-12-31 16:15:32',1,'edit','Project','Project \"Logtest\" (107) updated by User \"1\" (1).',''),
	(587,'user project','2010-12-31 16:15:32','2010-12-31 16:15:32',1,'edit','Project','Project \"user project\" (108) updated by User \"1\" (1).',''),
	(588,'Demo','2010-12-31 16:21:07','2010-12-31 16:21:07',1,'edit','Project','Project \"Demo\" (1) updated by User \"1\" (1).',''),
	(589,'Awesome','2010-12-31 16:21:08','2010-12-31 16:21:08',1,'edit','Project','Project \"Awesome\" (99) updated by User \"1\" (1).',''),
	(590,'UserProject','2010-12-31 16:21:08','2010-12-31 16:21:08',1,'edit','Project','Project \"UserProject\" (97) updated by User \"1\" (1).',''),
	(591,'Duh','2010-12-31 16:21:08','2010-12-31 16:21:08',1,'edit','Project','Project \"Duh\" (98) updated by User \"1\" (1).',''),
	(592,'Log Test Project','2010-12-31 16:21:08','2010-12-31 16:21:08',1,'edit','Project','Project \"Log Test Project\" (102) updated by User \"1\" (1).',''),
	(593,'LogTest 2','2010-12-31 16:21:08','2010-12-31 16:21:08',1,'edit','Project','Project \"LogTest 2\" (103) updated by User \"1\" (1).',''),
	(594,'testtrav projeca','2010-12-31 16:21:08','2010-12-31 16:21:08',1,'edit','Project','Project \"testtrav projeca\" (104) updated by User \"1\" (1).',''),
	(595,'test','2010-12-31 16:21:08','2010-12-31 16:21:08',1,'edit','Project','Project \"test\" (105) updated by User \"1\" (1).',''),
	(596,'Project','2010-12-31 16:21:08','2010-12-31 16:21:08',1,'edit','Project','Project \"Project\" (106) updated by User \"1\" (1).',''),
	(597,'Logtest','2010-12-31 16:21:08','2010-12-31 16:21:08',1,'edit','Project','Project \"Logtest\" (107) updated by User \"1\" (1).',''),
	(598,'user project','2010-12-31 16:21:08','2010-12-31 16:21:08',1,'edit','Project','Project \"user project\" (108) updated by User \"1\" (1).',''),
	(599,'Demo','2010-12-31 16:24:51','2010-12-31 16:24:51',1,'edit','Project','Project \"Demo\" (1) updated by User \"1\" (1).',''),
	(600,'Awesome','2010-12-31 16:24:51','2010-12-31 16:24:51',1,'edit','Project','Project \"Awesome\" (99) updated by User \"1\" (1).',''),
	(601,'UserProject','2010-12-31 16:24:51','2010-12-31 16:24:51',1,'edit','Project','Project \"UserProject\" (97) updated by User \"1\" (1).',''),
	(602,'Duh','2010-12-31 16:24:51','2010-12-31 16:24:51',1,'edit','Project','Project \"Duh\" (98) updated by User \"1\" (1).',''),
	(603,'Log Test Project','2010-12-31 16:24:52','2010-12-31 16:24:52',1,'edit','Project','Project \"Log Test Project\" (102) updated by User \"1\" (1).',''),
	(604,'LogTest 2','2010-12-31 16:24:52','2010-12-31 16:24:52',1,'edit','Project','Project \"LogTest 2\" (103) updated by User \"1\" (1).',''),
	(605,'testtrav projeca','2010-12-31 16:24:52','2010-12-31 16:24:52',1,'edit','Project','Project \"testtrav projeca\" (104) updated by User \"1\" (1).',''),
	(606,'test','2010-12-31 16:24:52','2010-12-31 16:24:52',1,'edit','Project','Project \"test\" (105) updated by User \"1\" (1).',''),
	(607,'Project','2010-12-31 16:24:52','2010-12-31 16:24:52',1,'edit','Project','Project \"Project\" (106) updated by User \"1\" (1).',''),
	(608,'Logtest','2010-12-31 16:24:52','2010-12-31 16:24:52',1,'edit','Project','Project \"Logtest\" (107) updated by User \"1\" (1).',''),
	(609,'user project','2010-12-31 16:24:52','2010-12-31 16:24:52',1,'edit','Project','Project \"user project\" (108) updated by User \"1\" (1).',''),
	(610,'Demo','2010-12-31 16:30:18','2010-12-31 16:30:18',1,'edit','Project','Project \"Demo\" (1) updated by User \"1\" (1).',''),
	(611,'Awesome','2010-12-31 16:30:18','2010-12-31 16:30:18',1,'edit','Project','Project \"Awesome\" (99) updated by User \"1\" (1).',''),
	(612,'UserProject','2010-12-31 16:30:18','2010-12-31 16:30:18',1,'edit','Project','Project \"UserProject\" (97) updated by User \"1\" (1).',''),
	(613,'Duh','2010-12-31 16:30:18','2010-12-31 16:30:18',1,'edit','Project','Project \"Duh\" (98) updated by User \"1\" (1).',''),
	(614,'Log Test Project','2010-12-31 16:30:18','2010-12-31 16:30:18',1,'edit','Project','Project \"Log Test Project\" (102) updated by User \"1\" (1).',''),
	(615,'LogTest 2','2010-12-31 16:30:18','2010-12-31 16:30:18',1,'edit','Project','Project \"LogTest 2\" (103) updated by User \"1\" (1).',''),
	(616,'testtrav projeca','2010-12-31 16:30:18','2010-12-31 16:30:18',1,'edit','Project','Project \"testtrav projeca\" (104) updated by User \"1\" (1).',''),
	(617,'test','2010-12-31 16:30:18','2010-12-31 16:30:18',1,'edit','Project','Project \"test\" (105) updated by User \"1\" (1).',''),
	(618,'Project','2010-12-31 16:30:18','2010-12-31 16:30:18',1,'edit','Project','Project \"Project\" (106) updated by User \"1\" (1).',''),
	(619,'Logtest','2010-12-31 16:30:18','2010-12-31 16:30:18',1,'edit','Project','Project \"Logtest\" (107) updated by User \"1\" (1).',''),
	(620,'user project','2010-12-31 16:30:18','2010-12-31 16:30:18',1,'edit','Project','Project \"user project\" (108) updated by User \"1\" (1).',''),
	(621,'test timer','2010-12-31 16:30:32','2010-12-31 16:30:32',1,'edit','Timer','Timer \"test timer\" (1) updated by User \"1\" (1).','time (00:00:06) => (00:00:08)'),
	(622,'user project','2010-12-31 16:30:44','2010-12-31 16:30:44',20,'edit','Project','Project \"user project\" (108) updated by User \"20\" (20).',''),
	(623,'timer','2010-12-31 16:30:57','2010-12-31 16:30:57',20,'edit','Timer','Timer \"timer\" (18) updated by User \"20\" (20).','time (00:00:03) => (00:00:05)'),
	(624,'test','2010-12-31 16:31:10','2010-12-31 16:31:10',20,'add','Timer','Timer \"test\" (27) added by User \"20\" (20).','project_id () => (108), title () => (test), time () => (00:00:03), user_id () => (20), description () => (test), created () => (2010-12-31 16:31:10)'),
	(625,'user project','2010-12-31 16:31:14','2010-12-31 16:31:14',20,'edit','Project','Project \"user project\" (108) updated by User \"20\" (20).','total_time (00:00:03) => (00:00:08)'),
	(626,'Demo','2010-12-31 16:31:49','2010-12-31 16:31:49',NULL,'edit','Project','Project \"Demo\" (1) updated by User \"\" ().','total_time (01:38:03) => (01:38:05)'),
	(627,'Awesome','2010-12-31 16:31:49','2010-12-31 16:31:49',NULL,'edit','Project','Project \"Awesome\" (99) updated by User \"\" ().',''),
	(628,'UserProject','2010-12-31 16:31:49','2010-12-31 16:31:49',NULL,'edit','Project','Project \"UserProject\" (97) updated by User \"\" ().',''),
	(629,'Duh','2010-12-31 16:31:49','2010-12-31 16:31:49',NULL,'edit','Project','Project \"Duh\" (98) updated by User \"\" ().',''),
	(630,'Log Test Project','2010-12-31 16:31:49','2010-12-31 16:31:49',NULL,'edit','Project','Project \"Log Test Project\" (102) updated by User \"\" ().',''),
	(631,'LogTest 2','2010-12-31 16:31:49','2010-12-31 16:31:49',NULL,'edit','Project','Project \"LogTest 2\" (103) updated by User \"\" ().',''),
	(632,'testtrav projeca','2010-12-31 16:31:49','2010-12-31 16:31:49',NULL,'edit','Project','Project \"testtrav projeca\" (104) updated by User \"\" ().',''),
	(633,'test','2010-12-31 16:31:49','2010-12-31 16:31:49',NULL,'edit','Project','Project \"test\" (105) updated by User \"\" ().',''),
	(634,'Project','2010-12-31 16:31:49','2010-12-31 16:31:49',NULL,'edit','Project','Project \"Project\" (106) updated by User \"\" ().',''),
	(635,'Logtest','2010-12-31 16:31:50','2010-12-31 16:31:50',NULL,'edit','Project','Project \"Logtest\" (107) updated by User \"\" ().',''),
	(636,'user project','2010-12-31 16:31:50','2010-12-31 16:31:50',NULL,'edit','Project','Project \"user project\" (108) updated by User \"\" ().',''),
	(637,'Awesome','2010-12-31 16:32:37','2010-12-31 16:32:37',3,'edit','Project','Project \"Awesome\" (99) updated by User \"3\" (3).',''),
	(638,'Duh','2010-12-31 16:32:37','2010-12-31 16:32:37',3,'edit','Project','Project \"Duh\" (98) updated by User \"3\" (3).',''),
	(639,'Awesome','2010-12-31 16:32:46','2010-12-31 16:32:46',3,'edit','Project','Project \"Awesome\" (99) updated by User \"3\" (3).',''),
	(640,'Duh','2010-12-31 16:32:46','2010-12-31 16:32:46',3,'edit','Project','Project \"Duh\" (98) updated by User \"3\" (3).',''),
	(641,'user project','2010-12-31 16:32:54','2010-12-31 16:32:54',20,'edit','Project','Project \"user project\" (108) updated by User \"20\" (20).',''),
	(642,'user project','2010-12-31 16:33:00','2010-12-31 16:33:00',20,'edit','Project','Project \"user project\" (108) updated by User \"20\" (20).','description (blah) => (blahz)'),
	(643,'user project','2010-12-31 16:33:00','2010-12-31 16:33:00',20,'edit','Project','Project \"user project\" (108) updated by User \"20\" (20).',''),
	(644,'test','2010-12-31 16:33:06','2010-12-31 16:33:06',20,'add','Project','Project \"test\" (109) added by User \"20\" (20).','total_time () => (00:00:00), user_id () => (20), title () => (test), description () => (test), created () => (2010-12-31 16:33:06)'),
	(645,'test','2010-12-31 16:33:06','2010-12-31 16:33:06',20,'edit','Project','Project \"test\" (109) updated by User \"20\" (20).',''),
	(646,'user project','2010-12-31 16:33:07','2010-12-31 16:33:07',20,'edit','Project','Project \"user project\" (108) updated by User \"20\" (20).',''),
	(647,'test','2010-12-31 16:33:27','2010-12-31 16:33:27',20,'edit','Timer','Timer \"test\" (27) updated by User \"20\" (20).','time (00:00:03) => (00:00:06)'),
	(648,'test','2010-12-31 16:33:30','2010-12-31 16:33:30',20,'edit','Project','Project \"test\" (109) updated by User \"20\" (20).',''),
	(649,'user project','2010-12-31 16:33:30','2010-12-31 16:33:30',20,'edit','Project','Project \"user project\" (108) updated by User \"20\" (20).','total_time (00:00:08) => (00:00:11)'),
	(650,'Demo','2010-12-31 16:40:21','2010-12-31 16:40:21',1,'edit','Project','Project \"Demo\" (1) updated by User \"1\" (1).',''),
	(651,'test','2010-12-31 16:40:21','2010-12-31 16:40:21',1,'edit','Project','Project \"test\" (109) updated by User \"1\" (1).',''),
	(652,'Awesome','2010-12-31 16:40:21','2010-12-31 16:40:21',1,'edit','Project','Project \"Awesome\" (99) updated by User \"1\" (1).',''),
	(653,'UserProject','2010-12-31 16:40:21','2010-12-31 16:40:21',1,'edit','Project','Project \"UserProject\" (97) updated by User \"1\" (1).',''),
	(654,'Duh','2010-12-31 16:40:21','2010-12-31 16:40:21',1,'edit','Project','Project \"Duh\" (98) updated by User \"1\" (1).',''),
	(655,'Log Test Project','2010-12-31 16:40:21','2010-12-31 16:40:21',1,'edit','Project','Project \"Log Test Project\" (102) updated by User \"1\" (1).',''),
	(656,'LogTest 2','2010-12-31 16:40:21','2010-12-31 16:40:21',1,'edit','Project','Project \"LogTest 2\" (103) updated by User \"1\" (1).',''),
	(657,'testtrav projeca','2010-12-31 16:40:21','2010-12-31 16:40:21',1,'edit','Project','Project \"testtrav projeca\" (104) updated by User \"1\" (1).',''),
	(658,'test','2010-12-31 16:40:21','2010-12-31 16:40:21',1,'edit','Project','Project \"test\" (105) updated by User \"1\" (1).',''),
	(659,'Project','2010-12-31 16:40:21','2010-12-31 16:40:21',1,'edit','Project','Project \"Project\" (106) updated by User \"1\" (1).',''),
	(660,'Logtest','2010-12-31 16:40:21','2010-12-31 16:40:21',1,'edit','Project','Project \"Logtest\" (107) updated by User \"1\" (1).',''),
	(661,'user project','2010-12-31 16:40:21','2010-12-31 16:40:21',1,'edit','Project','Project \"user project\" (108) updated by User \"1\" (1).',''),
	(662,'Demo','2010-12-31 16:44:16','2010-12-31 16:44:16',1,'edit','Project','Project \"Demo\" (1) updated by User \"1\" (1).',''),
	(663,'UserProject','2010-12-31 16:44:16','2010-12-31 16:44:16',1,'edit','Project','Project \"UserProject\" (97) updated by User \"1\" (1).',''),
	(664,'Duh','2010-12-31 16:44:16','2010-12-31 16:44:16',1,'edit','Project','Project \"Duh\" (98) updated by User \"1\" (1).',''),
	(665,'Awesome','2010-12-31 16:44:16','2010-12-31 16:44:16',1,'edit','Project','Project \"Awesome\" (99) updated by User \"1\" (1).',''),
	(666,'Log Test Project','2010-12-31 16:44:16','2010-12-31 16:44:16',1,'edit','Project','Project \"Log Test Project\" (102) updated by User \"1\" (1).',''),
	(667,'LogTest 2','2010-12-31 16:44:16','2010-12-31 16:44:16',1,'edit','Project','Project \"LogTest 2\" (103) updated by User \"1\" (1).',''),
	(668,'testtrav projeca','2010-12-31 16:44:16','2010-12-31 16:44:16',1,'edit','Project','Project \"testtrav projeca\" (104) updated by User \"1\" (1).',''),
	(669,'test','2010-12-31 16:44:16','2010-12-31 16:44:16',1,'edit','Project','Project \"test\" (105) updated by User \"1\" (1).',''),
	(670,'Project','2010-12-31 16:44:16','2010-12-31 16:44:16',1,'edit','Project','Project \"Project\" (106) updated by User \"1\" (1).',''),
	(671,'Logtest','2010-12-31 16:44:16','2010-12-31 16:44:16',1,'edit','Project','Project \"Logtest\" (107) updated by User \"1\" (1).',''),
	(672,'user project','2010-12-31 16:44:16','2010-12-31 16:44:16',1,'edit','Project','Project \"user project\" (108) updated by User \"1\" (1).',''),
	(673,'test','2010-12-31 16:44:16','2010-12-31 16:44:16',1,'edit','Project','Project \"test\" (109) updated by User \"1\" (1).',''),
	(674,'test','2010-12-31 16:44:23','2010-12-31 16:44:23',1,'add','Project','Project \"test\" (110) added by User \"1\" (1).','total_time () => (00:00:00), user_id () => (1), title () => (test), description () => (test), created () => (2010-12-31 16:44:23)'),
	(675,'Demo','2010-12-31 16:44:23','2010-12-31 16:44:23',1,'edit','Project','Project \"Demo\" (1) updated by User \"1\" (1).',''),
	(676,'UserProject','2010-12-31 16:44:23','2010-12-31 16:44:23',1,'edit','Project','Project \"UserProject\" (97) updated by User \"1\" (1).',''),
	(677,'Duh','2010-12-31 16:44:23','2010-12-31 16:44:23',1,'edit','Project','Project \"Duh\" (98) updated by User \"1\" (1).',''),
	(678,'Awesome','2010-12-31 16:44:23','2010-12-31 16:44:23',1,'edit','Project','Project \"Awesome\" (99) updated by User \"1\" (1).',''),
	(679,'Log Test Project','2010-12-31 16:44:23','2010-12-31 16:44:23',1,'edit','Project','Project \"Log Test Project\" (102) updated by User \"1\" (1).',''),
	(680,'LogTest 2','2010-12-31 16:44:23','2010-12-31 16:44:23',1,'edit','Project','Project \"LogTest 2\" (103) updated by User \"1\" (1).',''),
	(681,'testtrav projeca','2010-12-31 16:44:23','2010-12-31 16:44:23',1,'edit','Project','Project \"testtrav projeca\" (104) updated by User \"1\" (1).',''),
	(682,'test','2010-12-31 16:44:23','2010-12-31 16:44:23',1,'edit','Project','Project \"test\" (105) updated by User \"1\" (1).',''),
	(683,'Project','2010-12-31 16:44:23','2010-12-31 16:44:23',1,'edit','Project','Project \"Project\" (106) updated by User \"1\" (1).',''),
	(684,'Logtest','2010-12-31 16:44:23','2010-12-31 16:44:23',1,'edit','Project','Project \"Logtest\" (107) updated by User \"1\" (1).',''),
	(685,'user project','2010-12-31 16:44:23','2010-12-31 16:44:23',1,'edit','Project','Project \"user project\" (108) updated by User \"1\" (1).',''),
	(686,'test','2010-12-31 16:44:23','2010-12-31 16:44:23',1,'edit','Project','Project \"test\" (109) updated by User \"1\" (1).',''),
	(687,'test','2010-12-31 16:44:23','2010-12-31 16:44:23',1,'edit','Project','Project \"test\" (110) updated by User \"1\" (1).',''),
	(688,'Demo','2010-12-31 16:44:27','2010-12-31 16:44:27',1,'edit','Project','Project \"Demo\" (1) updated by User \"1\" (1).',''),
	(689,'UserProject','2010-12-31 16:44:27','2010-12-31 16:44:27',1,'edit','Project','Project \"UserProject\" (97) updated by User \"1\" (1).',''),
	(690,'Duh','2010-12-31 16:44:27','2010-12-31 16:44:27',1,'edit','Project','Project \"Duh\" (98) updated by User \"1\" (1).',''),
	(691,'Awesome','2010-12-31 16:44:27','2010-12-31 16:44:27',1,'edit','Project','Project \"Awesome\" (99) updated by User \"1\" (1).',''),
	(692,'Log Test Project','2010-12-31 16:44:27','2010-12-31 16:44:27',1,'edit','Project','Project \"Log Test Project\" (102) updated by User \"1\" (1).',''),
	(693,'LogTest 2','2010-12-31 16:44:27','2010-12-31 16:44:27',1,'edit','Project','Project \"LogTest 2\" (103) updated by User \"1\" (1).',''),
	(694,'testtrav projeca','2010-12-31 16:44:27','2010-12-31 16:44:27',1,'edit','Project','Project \"testtrav projeca\" (104) updated by User \"1\" (1).',''),
	(695,'test','2010-12-31 16:44:27','2010-12-31 16:44:27',1,'edit','Project','Project \"test\" (105) updated by User \"1\" (1).',''),
	(696,'Project','2010-12-31 16:44:27','2010-12-31 16:44:27',1,'edit','Project','Project \"Project\" (106) updated by User \"1\" (1).',''),
	(697,'Logtest','2010-12-31 16:44:27','2010-12-31 16:44:27',1,'edit','Project','Project \"Logtest\" (107) updated by User \"1\" (1).',''),
	(698,'user project','2010-12-31 16:44:27','2010-12-31 16:44:27',1,'edit','Project','Project \"user project\" (108) updated by User \"1\" (1).',''),
	(699,'test','2010-12-31 16:44:27','2010-12-31 16:44:27',1,'edit','Project','Project \"test\" (109) updated by User \"1\" (1).',''),
	(700,'test','2010-12-31 16:44:27','2010-12-31 16:44:27',1,'edit','Project','Project \"test\" (110) updated by User \"1\" (1).','');

/*!40000 ALTER TABLE `logs` ENABLE KEYS */;
UNLOCK TABLES;


# Dump of table posts
# ------------------------------------------------------------

DROP TABLE IF EXISTS `posts`;

CREATE TABLE `posts` (
  `id` int(11) NOT NULL AUTO_INCREMENT,
  `user_id` int(11) NOT NULL,
  `title` varchar(255) NOT NULL,
  `body` text,
  `created` datetime DEFAULT NULL,
  `modified` datetime DEFAULT NULL,
  PRIMARY KEY (`id`)
) ENGINE=InnoDB DEFAULT CHARSET=utf8;



# Dump of table projects
# ------------------------------------------------------------

DROP TABLE IF EXISTS `projects`;

CREATE TABLE `projects` (
  `id` int(11) NOT NULL AUTO_INCREMENT,
  `user_id` int(11) NOT NULL,
  `title` varchar(255) DEFAULT NULL,
  `description` text,
  `created` datetime DEFAULT NULL,
  `modified` datetime DEFAULT NULL,
  `total_time` varchar(500) NOT NULL DEFAULT '00:00:00',
  PRIMARY KEY (`id`)
) ENGINE=InnoDB AUTO_INCREMENT=111 DEFAULT CHARSET=utf8;

LOCK TABLES `projects` WRITE;
/*!40000 ALTER TABLE `projects` DISABLE KEYS */;
INSERT INTO `projects` (`id`,`user_id`,`title`,`description`,`created`,`modified`,`total_time`)
VALUES
	(1,1,'Demo','This is a demo','2010-12-26 17:54:37','2010-12-31 16:44:27','01:38:05'),
	(97,1,'UserProject','this is a \"user\" project','2010-12-27 16:30:17','2010-12-31 16:44:27','00:00:00'),
	(98,3,'Duh','i see whats going on there','2010-12-27 16:31:06','2010-12-31 16:44:27','00:00:00'),
	(99,3,'Awesome','fuck yeah!','2010-12-27 16:42:04','2010-12-31 16:44:27','00:00:00'),
	(102,1,'Log Test Project','test','2010-12-29 11:49:35','2010-12-31 16:44:27','00:00:00'),
	(103,1,'LogTest 2','Test','2010-12-29 11:51:19','2010-12-31 16:44:27','00:00:00'),
	(104,18,'testtrav projeca','dlfjskdfj','2010-12-29 19:14:55','2010-12-31 16:44:27','00:00:00'),
	(105,1,'test','test','2010-12-30 15:54:51','2010-12-31 16:44:27','00:00:00'),
	(106,19,'Project','test edit','2010-12-30 16:32:39','2010-12-31 16:44:27','00:00:06'),
	(107,1,'Logtest','test','2010-12-30 16:59:30','2010-12-31 16:44:27','00:00:00'),
	(108,20,'user project','blahz','2010-12-31 10:51:48','2010-12-31 16:44:27','00:00:11'),
	(109,20,'test','test','2010-12-31 16:33:06','2010-12-31 16:44:27','00:00:00'),
	(110,1,'test','test','2010-12-31 16:44:23','2010-12-31 16:44:27','00:00:00');

/*!40000 ALTER TABLE `projects` ENABLE KEYS */;
UNLOCK TABLES;


# Dump of table timers
# ------------------------------------------------------------

DROP TABLE IF EXISTS `timers`;

CREATE TABLE `timers` (
  `id` int(11) NOT NULL AUTO_INCREMENT,
  `project_id` int(11) NOT NULL,
  `title` varchar(255) NOT NULL,
  `time` varchar(255) NOT NULL,
  `description` text,
  `created` datetime DEFAULT NULL,
  `modified` datetime DEFAULT NULL,
  `user_id` int(11) NOT NULL,
  PRIMARY KEY (`id`)
) ENGINE=InnoDB AUTO_INCREMENT=28 DEFAULT CHARSET=utf8;

LOCK TABLES `timers` WRITE;
/*!40000 ALTER TABLE `timers` DISABLE KEYS */;
INSERT INTO `timers` (`id`,`project_id`,`title`,`time`,`description`,`created`,`modified`,`user_id`)
VALUES
	(1,1,'test timer','00:00:08','test desc','2010-12-26 18:25:39','2010-12-31 16:30:32',1),
	(3,1,'test','00:00:02','test','2010-12-26 19:07:12','2010-12-26 19:07:12',1),
	(4,1,'This is the title','00:00:06','this is the desc','2010-12-26 19:07:38','2010-12-26 19:07:38',1),
	(5,2,'Coding timer app','00:03:48','this is the first timer for Demo2','2010-12-26 20:08:02','2010-12-26 20:08:02',1),
	(6,1,'test non pause','00:09:40','test','2010-12-26 20:57:25','2010-12-28 15:00:50',1),
	(7,1,'Test','00:00:09','test','2010-12-27 12:14:46','2010-12-27 12:14:46',1),
	(8,1,'New Timer','00:10:33','yo yo','2010-12-27 15:17:33','2010-12-31 14:14:33',1),
	(10,1,'More time adding','00:01:19','testing','2010-12-27 18:52:47','2010-12-27 18:52:47',1),
	(12,1,'Long one','00:42:10','this is a long timer','2010-12-27 20:39:48','2010-12-27 20:39:48',1),
	(13,101,'User Timer','00:00:19','uh this is something or something ','2010-12-28 15:33:00','2010-12-28 15:33:00',5),
	(14,1,'log test','00:00:06','log test','2010-12-29 12:06:04','2010-12-29 12:06:04',1),
	(15,1,'sdfdf','00:33:20','sdfsdf','2010-12-29 22:08:42','2010-12-29 22:08:42',1),
	(16,104,'test','00:00:00','test','2010-12-30 15:27:36','2010-12-30 15:27:36',18),
	(17,106,'test','00:00:06','test','2010-12-30 16:34:34','2010-12-30 16:35:12',19),
	(18,108,'timer','00:00:05','timer','2010-12-31 10:52:02','2010-12-31 16:30:57',20),
	(19,1,'ajax test','00:00:10','test','2010-12-31 11:33:27','2010-12-31 11:33:27',1),
	(20,1,'ajax','00:00:10','test','2010-12-31 11:44:19','2010-12-31 11:44:19',1),
	(21,1,'test','00:00:05','test','2010-12-31 11:56:12','2010-12-31 11:56:12',1),
	(22,1,'test','00:00:04','test','2010-12-31 12:41:19','2010-12-31 12:41:19',1),
	(23,1,'test','00:00:03','test','2010-12-31 12:43:10','2010-12-31 12:43:10',1),
	(24,11,'t','00:00:02','t','2010-12-31 14:55:00','2010-12-31 14:55:00',1),
	(25,11,'test','00:00:04','test','2010-12-31 14:55:16','2010-12-31 14:55:16',1),
	(26,11,'test','00:00:09','test','2010-12-31 14:55:38','2010-12-31 14:55:38',1),
	(27,108,'test','00:00:06','test','2010-12-31 16:31:10','2010-12-31 16:33:27',20);

/*!40000 ALTER TABLE `timers` ENABLE KEYS */;
UNLOCK TABLES;


# Dump of table users
# ------------------------------------------------------------

DROP TABLE IF EXISTS `users`;

CREATE TABLE `users` (
  `id` int(11) NOT NULL AUTO_INCREMENT,
  `username` varchar(255) NOT NULL,
  `password` char(40) NOT NULL,
  `group_id` int(11) NOT NULL,
  `created` datetime DEFAULT NULL,
  `modified` datetime DEFAULT NULL,
  `email` varchar(500) DEFAULT NULL,
  `active` tinyint(1) NOT NULL DEFAULT '0',
  PRIMARY KEY (`id`),
  UNIQUE KEY `username` (`username`)
) ENGINE=InnoDB AUTO_INCREMENT=24 DEFAULT CHARSET=utf8;

LOCK TABLES `users` WRITE;
/*!40000 ALTER TABLE `users` DISABLE KEYS */;
INSERT INTO `users` (`id`,`username`,`password`,`group_id`,`created`,`modified`,`email`,`active`)
VALUES
	(1,'Travis Berry','a24810a24c3f23d3546aaa678ad0d9ee52ad0241',1,'2010-12-26 17:29:53','2010-12-26 17:29:53','contact@travisberry.com',1),
	(2,'test1','94761cde188ee84b7112b36df5e768b791e422f1',2,'2010-12-26 17:30:06','2010-12-26 17:30:06',NULL,1),
	(3,'test2','94761cde188ee84b7112b36df5e768b791e422f1',3,'2010-12-26 17:30:14','2010-12-26 17:30:14',NULL,1),
	(4,'testUser1','94761cde188ee84b7112b36df5e768b791e422f1',3,'2010-12-27 16:10:42','2010-12-27 16:10:42',NULL,1),
	(5,'usertest','94761cde188ee84b7112b36df5e768b791e422f1',3,'2010-12-27 19:21:42','2010-12-27 19:21:42',NULL,1),
	(6,'newuser2','94761cde188ee84b7112b36df5e768b791e422f1',3,'2010-12-27 19:23:21','2010-12-27 19:23:21',NULL,1),
	(7,'usertest345345','94761cde188ee84b7112b36df5e768b791e422f1',3,'2010-12-28 11:30:09','2010-12-28 11:30:09',NULL,1),
	(8,'testuser','fdda8c1a9101ebfa6139f89ff92484a90811076f',3,'2010-12-29 13:47:14','2010-12-29 13:47:14','test@gmail.com',0),
	(9,'test3','94761cde188ee84b7112b36df5e768b791e422f1',3,'2010-12-29 14:11:07','2010-12-29 14:11:07','tberry@biemedia.com',0),
	(10,'test4','94761cde188ee84b7112b36df5e768b791e422f1',3,'2010-12-29 14:12:41','2010-12-29 14:12:41','tberry@biemedia.com',0),
	(13,'test5','94761cde188ee84b7112b36df5e768b791e422f1',3,'2010-12-29 14:29:21','2010-12-29 14:29:21','tberry@biemedia.com',0),
	(14,'test6','94761cde188ee84b7112b36df5e768b791e422f1',3,'2010-12-29 14:30:15','2010-12-29 14:30:33','tberry@biemedia.com',1),
	(15,'test7','94761cde188ee84b7112b36df5e768b791e422f1',3,'2010-12-29 14:31:32','2010-12-29 14:32:24','tberry@biemedia.com',1),
	(16,'test8','94761cde188ee84b7112b36df5e768b791e422f1',3,'2010-12-29 14:37:47','2010-12-29 14:37:57','tberry@biemedia.com',1),
	(17,'test9','94761cde188ee84b7112b36df5e768b791e422f1',3,'2010-12-29 14:38:33','2010-12-29 14:38:48','tberry@biemedia.com',1),
	(18,'travtest','94761cde188ee84b7112b36df5e768b791e422f1',3,'2010-12-29 19:09:57','2010-12-29 19:10:42','contact@travisberry.com',1),
	(19,'tester','94761cde188ee84b7112b36df5e768b791e422f1',3,'2010-12-30 16:01:54','2010-12-30 16:02:02','contact@travisberry.com',1),
	(20,'tester2','94761cde188ee84b7112b36df5e768b791e422f1',3,'2010-12-30 16:55:46','2010-12-30 16:57:04','travisberry@travisberry.com',1),
	(21,'tester3','94761cde188ee84b7112b36df5e768b791e422f1',3,'2010-12-30 16:58:43','2010-12-30 16:58:43','contact@travisberry.com',0),
	(22,'tester4','94761cde188ee84b7112b36df5e768b791e422f1',3,'2010-12-30 17:04:17','2010-12-30 17:04:17','contact@travisberry.com',0),
	(23,'tester0','94761cde188ee84b7112b36df5e768b791e422f1',3,'2010-12-31 16:35:30','2010-12-31 16:39:30','contact@travisberry.com',1);

/*!40000 ALTER TABLE `users` ENABLE KEYS */;
UNLOCK TABLES;


# Dump of table widgets
# ------------------------------------------------------------

DROP TABLE IF EXISTS `widgets`;

CREATE TABLE `widgets` (
  `id` int(11) NOT NULL AUTO_INCREMENT,
  `name` varchar(100) NOT NULL,
  `part_no` varchar(12) DEFAULT NULL,
  `quantity` int(11) DEFAULT NULL,
  PRIMARY KEY (`id`)
) ENGINE=InnoDB DEFAULT CHARSET=utf8;






/*!40111 SET SQL_NOTES=@OLD_SQL_NOTES */;
/*!40101 SET SQL_MODE=@OLD_SQL_MODE */;
/*!40014 SET FOREIGN_KEY_CHECKS=@OLD_FOREIGN_KEY_CHECKS */;
/*!40014 SET UNIQUE_CHECKS=@OLD_UNIQUE_CHECKS */;
/*!40101 SET CHARACTER_SET_CLIENT=@OLD_CHARACTER_SET_CLIENT */;
/*!40101 SET CHARACTER_SET_RESULTS=@OLD_CHARACTER_SET_RESULTS */;
/*!40101 SET COLLATION_CONNECTION=@OLD_COLLATION_CONNECTION */;
